index,type,time,latitude,longitude,accuracy (m),altitude (m),geoid_height (m),speed (m/s),bearing (deg),sat_used,sat_inview,name,desc
1,T,3/8/2019 10:59,30.38480011,78.07444892,17,797,,9.96,171,20,33,20190308-162933,GPS Logger: 20190308-162933
2,T,3/8/2019 10:59,30.38470345,78.07446783,15,797,,10.3,170,22,33,,
3,T,3/8/2019 10:59,30.38456011,78.07447581,15,796,,10.77,172,23,33,,
4,T,3/8/2019 10:59,30.38450234,78.07451185,14,799,,10.33,169,23,33,,
5,T,3/8/2019 10:59,30.38439567,78.07452268,14,797,,9.9,171,23,33,,
6,T,3/8/2019 10:59,30.38429714,78.07454505,14,797,,10.36,169,26,33,,
7,T,3/8/2019 10:59,30.38420298,78.07454728,14,796,,10.27,173,26,33,,
8,T,3/8/2019 10:59,30.38409755,78.07456173,14,797,,10.79,172,26,33,,
9,T,3/8/2019 10:59,30.38399219,78.07457098,14,797,,10.72,175,26,33,,
10,T,3/8/2019 10:59,30.38389034,78.0745714,15,797,,10.78,176,26,33,,
11,T,3/8/2019 10:59,30.38379127,78.07459394,15,796,,10.91,175,26,33,,
12,T,3/8/2019 10:59,30.38367009,78.07460445,15,795,,11.43,175,26,33,,
13,T,3/8/2019 10:59,30.38357501,78.07461232,15,795,,10.9,174,26,33,,
14,T,3/8/2019 10:59,30.38345719,78.07461069,15,796,,10.78,178,26,33,,
15,T,3/8/2019 10:59,30.38335707,78.07462363,15,796,,10.69,177,26,33,,
16,T,3/8/2019 10:59,30.38323575,78.07463792,15,796,,11.24,178,26,33,,
17,T,3/8/2019 10:59,30.38311949,78.07466847,15,794,,11.27,175,26,33,,
18,T,3/8/2019 10:59,30.38299693,78.07467456,17,794,,11.54,175,27,33,,
19,T,3/8/2019 10:59,30.38292553,78.07466754,17,793,,10.68,176,27,33,,
20,T,3/8/2019 10:59,30.3828094,78.07468183,17,792,,11.18,174,28,33,,
21,T,3/8/2019 10:59,30.38270879,78.07470576,17,792,,10.64,175,28,33,,
22,T,3/8/2019 10:59,30.38260731,78.0747313,17,791,,10.16,178,28,33,,
23,T,3/8/2019 10:59,30.382539,78.07471529,17,789,,8.88,188,26,33,,
24,T,3/8/2019 10:59,30.38248494,78.07469904,17,789,,8.4,189,26,33,,
25,T,3/8/2019 10:59,30.38242904,78.07468058,17,788,,7.83,192,25,33,,
26,T,3/8/2019 10:59,30.38235612,78.07469262,17,786,,7.67,190,22,30,,
27,T,3/8/2019 10:59,30.38226035,78.07473515,17,786,,8.08,182,22,33,,
28,T,3/8/2019 11:00,30.38219232,78.0747471,17,787,,8.06,182,22,33,,
29,T,3/8/2019 11:00,30.38214189,78.07475232,17,786,,7.07,183,22,33,,
30,T,3/8/2019 11:00,30.38204698,78.07480903,17,784,,8.15,178,24,33,,
31,T,3/8/2019 11:00,30.38200039,78.07485208,17,784,,8.16,174,24,33,,
32,T,3/8/2019 11:00,30.38193619,78.07485709,18,783,,8.35,174,23,33,,
33,T,3/8/2019 11:00,30.38185786,78.07488381,18,782,,9.04,175,22,33,,
34,T,3/8/2019 11:00,30.38176983,78.07490567,18,787,,9.58,174,23,33,,
35,T,3/8/2019 11:00,30.38166165,78.07493446,18,786,,10.23,172,23,33,,
36,T,3/8/2019 11:00,30.38156307,78.07496198,18,785,,10.4,170,22,33,,
37,T,3/8/2019 11:00,30.38144062,78.0750192,18,785,,11.39,166,22,33,,
38,T,3/8/2019 11:00,30.38136375,78.07504217,18,782,,11.08,167,23,33,,
39,T,3/8/2019 11:00,30.38125896,78.07508115,17,782,,11.29,168,24,33,,
40,T,3/8/2019 11:00,30.38113824,78.0751472,17,781,,12.11,164,24,33,,
41,T,3/8/2019 11:00,30.38101276,78.07518389,17,781,,12.52,162,24,33,,
42,T,3/8/2019 11:00,30.3809332,78.0752278,17,781,,11.93,156,24,33,,
43,T,3/8/2019 11:00,30.38084153,78.07526318,17,781,,11.66,152,25,33,,
44,T,3/8/2019 11:00,30.38075276,78.07534352,17,780,,11.71,147,25,33,,
45,T,3/8/2019 11:00,30.38070159,78.075435,15,780,,10.61,142,25,33,,
46,T,3/8/2019 11:00,30.38061125,78.07550877,17,780,,10.77,143,25,33,,
47,T,3/8/2019 11:00,30.38056815,78.07558884,17,780,,10.45,140,25,33,,
48,T,3/8/2019 11:00,30.38048145,78.07564677,20,780,,10.5,143,25,33,,
49,T,3/8/2019 11:00,30.38040642,78.07569164,21,781,,10.18,145,25,33,,
50,T,3/8/2019 11:00,30.38034155,78.07574819,21,781,,9.89,145,24,33,,
51,T,3/8/2019 11:00,30.38022973,78.07583926,23,781,,11.02,144,24,33,,
52,T,3/8/2019 11:00,30.3801425,78.07586328,23,781,,10.54,149,25,33,,
53,T,3/8/2019 11:00,30.38011839,78.07600592,23,781,,10.81,138,25,33,,
54,T,3/8/2019 11:00,30.37994764,78.07603609,21,781,,11.85,148,25,33,,
55,T,3/8/2019 11:00,30.37977292,78.07610924,20,780,,13.49,150,24,33,,
56,T,3/8/2019 11:00,30.37968201,78.07618154,20,780,,13.27,150,24,33,,
57,T,3/8/2019 11:00,30.37962566,78.07624673,20,780,,12.4,148,25,33,,
58,T,3/8/2019 11:00,30.37952222,78.07626036,20,779,,11.93,154,25,33,,
59,T,3/8/2019 11:00,30.37931043,78.07635573,20,778,,15.06,156,25,33,,
60,T,3/8/2019 11:00,30.37917242,78.07643851,18,775,,15.42,158,25,33,,
61,T,3/8/2019 11:00,30.3790789,78.07648567,18,775,,14.88,162,25,33,,
62,T,3/8/2019 11:00,30.37894437,78.07650759,17,775,,14.72,166,25,33,,
63,T,3/8/2019 11:00,30.37882598,78.07653141,17,775,,14.5,168,25,33,,
64,T,3/8/2019 11:00,30.37865372,78.07658776,17,778,,15.58,170,25,33,,
65,T,3/8/2019 11:00,30.37849805,78.07663572,17,778,,15.93,170,25,33,,
66,T,3/8/2019 11:00,30.37837171,78.07663587,17,779,,14.63,172,25,33,,
67,T,3/8/2019 11:00,30.37826235,78.07663651,17,779,,14.07,175,25,33,,
68,T,3/8/2019 11:00,30.37811566,78.07664739,17,780,,13.9,178,25,33,,
69,T,3/8/2019 11:00,30.3780009,78.07663765,17,780,,12.88,179,26,33,,
70,T,3/8/2019 11:00,30.37791002,78.07663151,17,781,,10.71,178,26,33,,
71,T,3/8/2019 11:00,30.37784328,78.07662672,18,780,,8.89,177,25,33,,
72,T,3/8/2019 11:00,30.37779172,78.07662701,18,780,,6.81,178,25,33,,
73,T,3/8/2019 11:00,30.37774994,78.07662239,18,781,,6.01,178,25,33,,
74,T,3/8/2019 11:00,30.37772216,78.07667529,18,779,,5.41,176,25,33,,
75,T,3/8/2019 11:00,30.37771586,78.07665714,20,778,,4.33,177,25,33,,
76,T,3/8/2019 11:00,30.37779611,78.07663627,18,776,,1.11,178,25,33,,
77,T,3/8/2019 11:00,30.37776877,78.07666303,17,775,,1.58,180,25,33,,
78,T,3/8/2019 11:00,30.37774967,78.07663465,17,776,,2.41,183,25,33,,
79,T,3/8/2019 11:00,30.3777068,78.07660904,15,777,,3.52,185,25,33,,
80,T,3/8/2019 11:00,30.37767006,78.07659984,15,777,,3.69,184,25,33,,
81,T,3/8/2019 11:00,30.37763793,78.07660188,15,778,,3.33,182,25,33,,
82,T,3/8/2019 11:00,30.37761391,78.07660121,15,779,,2.74,180,25,33,,
83,T,3/8/2019 11:00,30.3775891,78.07659744,15,779,,2.91,177,25,33,,
84,T,3/8/2019 11:00,30.37755735,78.07659335,15,779,,3.61,175,25,33,,
85,T,3/8/2019 11:00,30.37752334,78.0765906,15,780,,3.74,173,25,33,,
86,T,3/8/2019 11:00,30.37749607,78.07658863,15,780,,3.58,173,25,33,,
87,T,3/8/2019 11:00,30.37743408,78.07659518,15,779,,5.28,172,24,32,,
88,T,3/8/2019 11:01,30.37738397,78.07659036,15,779,,5.59,174,24,33,,
89,T,3/8/2019 11:01,30.37733231,78.0765868,17,780,,5.93,175,24,33,,
90,T,3/8/2019 11:01,30.37726354,78.07660466,17,780,,6.19,175,24,33,,
91,T,3/8/2019 11:01,30.37721123,78.07659,17,780,,6.65,177,21,31,,
92,T,3/8/2019 11:01,30.37715078,78.07659469,15,780,,6.39,178,22,33,,
93,T,3/8/2019 11:01,30.37708843,78.07658042,15,781,,6.55,183,22,33,,
94,T,3/8/2019 11:01,30.37700424,78.07658834,15,780,,7.42,187,23,33,,
95,T,3/8/2019 11:01,30.37693155,78.07659159,15,781,,8.53,191,23,33,,
96,T,3/8/2019 11:01,30.37681922,78.0765535,15,782,,9.81,196,23,33,,
97,T,3/8/2019 11:01,30.37672005,78.07651731,15,784,,10.33,202,23,33,,
98,T,3/8/2019 11:01,30.37661881,78.07650993,15,783,,10.13,202,23,33,,
99,T,3/8/2019 11:01,30.37652708,78.07647482,17,782,,10.27,205,23,33,,
100,T,3/8/2019 11:01,30.37644535,78.07643905,17,782,,10.23,204,23,33,,
101,T,3/8/2019 11:01,30.3763608,78.07638193,20,781,,10.46,203,23,33,,
102,T,3/8/2019 11:01,30.37624742,78.07632655,20,783,,11.17,203,23,33,,
103,T,3/8/2019 11:01,30.37620503,78.07632565,18,780,,8.92,199,23,33,,
104,T,3/8/2019 11:01,30.37611385,78.07628812,18,781,,9.49,198,23,33,,
105,T,3/8/2019 11:01,30.37603209,78.07626906,20,782,,9.48,197,23,33,,
106,T,3/8/2019 11:01,30.37591449,78.07621837,20,782,,10.94,198,23,33,,
107,T,3/8/2019 11:01,30.37580979,78.0761777,21,783,,11.02,197,23,33,,
108,T,3/8/2019 11:01,30.37567658,78.07618751,18,784,,10.74,186,23,33,,
109,T,3/8/2019 11:01,30.37556479,78.07616157,18,784,,9.95,188,23,33,,
110,T,3/8/2019 11:01,30.37542791,78.07611941,17,785,,11.3,187,23,33,,
111,T,3/8/2019 11:01,30.37533454,78.07611885,17,785,,10.98,187,23,33,,
112,T,3/8/2019 11:01,30.37523114,78.07609333,17,785,,10.64,188,23,33,,
113,T,3/8/2019 11:01,30.37512578,78.07606917,17,787,,10.19,194,24,33,,
114,T,3/8/2019 11:01,30.3750302,78.07605428,17,789,,9.36,191,24,33,,
115,T,3/8/2019 11:01,30.37495921,78.07604107,17,790,,8.03,187,23,33,,
116,T,3/8/2019 11:01,30.37489644,78.07602061,15,790,,7.44,190,23,33,,
117,T,3/8/2019 11:01,30.37485113,78.076021,17,791,,5.56,190,23,33,,
118,T,3/8/2019 11:01,30.37482004,78.07601541,15,793,,3.94,188,23,33,,
119,T,3/8/2019 11:01,30.37479407,78.07601166,15,793,,2.64,186,23,33,,
120,T,3/8/2019 11:01,30.37477448,78.07601688,15,793,,1.49,194,23,33,,
121,T,3/8/2019 11:01,30.37477273,78.07601982,15,793,,0.93,194,23,33,,
122,T,3/8/2019 11:01,30.37475721,78.07602474,17,793,,0.71,194,23,33,,
123,T,3/8/2019 11:01,30.37474371,78.07602862,17,792,,0.69,195,23,33,,
124,T,3/8/2019 11:01,30.37473902,78.0760331,18,793,,0.86,195,23,33,,
125,T,3/8/2019 11:01,30.37472804,78.07604796,18,792,,1.47,195,23,33,,
126,T,3/8/2019 11:01,30.37473169,78.07605207,18,792,,0.69,195,23,33,,
127,T,3/8/2019 11:01,30.37472382,78.07606405,20,791,,1.09,195,23,33,,
128,T,3/8/2019 11:01,30.37472739,78.0760684,18,792,,0.44,196,23,33,,
129,T,3/8/2019 11:01,30.37473581,78.07607058,18,792,,0,,21,32,,
130,T,3/8/2019 11:01,30.37473826,78.07606395,18,792,,0,,21,33,,
131,T,3/8/2019 11:01,30.37473799,78.0760612,17,792,,0,,21,33,,
132,T,3/8/2019 11:01,30.37473531,78.07605234,17,792,,0,,21,33,,
133,T,3/8/2019 11:01,30.374728,78.07604809,17,792,,0,,21,33,,
134,T,3/8/2019 11:01,30.37472187,78.07603608,17,792,,0,,21,33,,
135,T,3/8/2019 11:01,30.37472214,78.07602733,15,792,,0,,20,32,,
136,T,3/8/2019 11:01,30.37467107,78.07600689,15,792,,4.85,197,20,33,,
137,T,3/8/2019 11:01,30.37462039,78.07597937,15,792,,4.58,196,20,33,,
138,T,3/8/2019 11:01,30.37455116,78.07593728,15,793,,5.16,200,20,33,,
139,T,3/8/2019 11:01,30.37450688,78.07590605,15,793,,5.01,198,20,33,,
140,T,3/8/2019 11:01,30.37446867,78.07589202,17,793,,4.88,196,20,33,,
141,T,3/8/2019 11:01,30.3744176,78.07584243,17,794,,5.23,207,20,33,,
142,T,3/8/2019 11:01,30.37435223,78.07582974,17,793,,5.11,203,20,33,,
143,T,3/8/2019 11:01,30.37430892,78.07584011,18,793,,4.06,192,20,33,,
144,T,3/8/2019 11:01,30.37428097,78.07586137,18,792,,2.84,160,20,33,,
145,T,3/8/2019 11:01,30.37420989,78.07594978,18,789,,4.13,152,20,33,,
146,T,3/8/2019 11:01,30.3741515,78.07598502,18,788,,4.63,149,20,33,,
147,T,3/8/2019 11:01,30.3741112,78.07601099,18,788,,4.54,149,20,33,,
148,T,3/8/2019 11:02,30.37411222,78.07604666,17,788,,3.34,134,19,33,,
149,T,3/8/2019 11:02,30.37407056,78.07608214,17,788,,3.31,137,21,33,,
150,T,3/8/2019 11:02,30.37405251,78.07610526,17,787,,2.87,140,21,33,,
151,T,3/8/2019 11:02,30.37407145,78.07612728,17,788,,2.36,124,21,33,,
152,T,3/8/2019 11:02,30.37404523,78.07615325,17,787,,2.56,124,21,33,,
153,T,3/8/2019 11:02,30.37404215,78.07617761,18,787,,2.53,123,21,33,,
154,T,3/8/2019 11:02,30.37405624,78.07615396,17,787,,0.87,123,22,33,,
155,T,3/8/2019 11:02,30.37404288,78.07614964,17,788,,0.55,123,22,33,,
156,T,3/8/2019 11:02,30.37403831,78.07614395,17,787,,0.32,123,22,33,,
157,T,3/8/2019 11:02,30.37405232,78.07614301,17,786,,0.21,123,22,33,,
158,T,3/8/2019 11:02,30.37405687,78.07614148,17,786,,0.22,123,21,32,,
159,T,3/8/2019 11:02,30.37405068,78.07614007,17,787,,0.32,123,21,33,,
160,T,3/8/2019 11:02,30.37404152,78.07613845,17,786,,0.47,123,22,33,,
161,T,3/8/2019 11:02,30.37403759,78.07614893,17,787,,1.33,123,22,33,,
162,T,3/8/2019 11:02,30.37403338,78.07616638,17,786,,2.19,122,23,33,,
163,T,3/8/2019 11:02,30.37402549,78.07619128,17,787,,3.08,120,24,33,,
164,T,3/8/2019 11:02,30.37401688,78.07622424,15,786,,3.65,119,24,33,,
165,T,3/8/2019 11:02,30.37401095,78.07626997,15,786,,4.65,116,23,33,,
166,T,3/8/2019 11:02,30.37402548,78.07633478,15,787,,5.26,102,23,33,,
167,T,3/8/2019 11:02,30.37402141,78.07639764,15,788,,5.74,96,23,33,,
168,T,3/8/2019 11:02,30.37405599,78.07648692,15,787,,6.15,88,23,33,,
169,T,3/8/2019 11:02,30.37404249,78.07654369,15,787,,5.98,81,23,33,,
170,T,3/8/2019 11:02,30.3740596,78.07662952,15,786,,6.56,72,23,33,,
171,T,3/8/2019 11:02,30.37408281,78.07670652,15,784,,6.71,64,23,32,,
172,T,3/8/2019 11:02,30.37407699,78.07674546,15,785,,5.9,60,23,33,,
173,T,3/8/2019 11:02,30.3741599,78.07682136,15,785,,7.93,52,23,33,,
174,T,3/8/2019 11:02,30.37420869,78.07691901,15,786,,8.5,54,23,33,,
175,T,3/8/2019 11:02,30.37423937,78.07696954,15,783,,8.75,57,24,33,,
176,T,3/8/2019 11:02,30.37427862,78.0770335,15,781,,8.95,61,24,33,,
177,T,3/8/2019 11:02,30.37430739,78.07710989,15,781,,9.61,66,24,33,,
178,T,3/8/2019 11:02,30.37433531,78.07720747,15,780,,9.57,72,24,33,,
179,T,3/8/2019 11:02,30.37435233,78.07731534,15,780,,9.7,77,24,33,,
180,T,3/8/2019 11:02,30.37435306,78.07740838,15,780,,9.29,82,24,33,,
181,T,3/8/2019 11:02,30.37435372,78.07753714,15,779,,9.45,89,24,33,,
182,T,3/8/2019 11:02,30.37433698,78.07763041,14,779,,8.97,96,24,33,,
183,T,3/8/2019 11:02,30.37433041,78.07773063,14,779,,8.7,105,24,33,,
184,T,3/8/2019 11:02,30.37430037,78.07782638,14,779,,8.02,116,24,33,,
185,T,3/8/2019 11:02,30.37426893,78.07788943,14,780,,6.7,125,24,33,,
186,T,3/8/2019 11:02,30.37425585,78.07794553,14,781,,5.97,133,24,33,,
187,T,3/8/2019 11:02,30.37421558,78.07799071,14,780,,5.66,142,24,33,,
188,T,3/8/2019 11:02,30.37418533,78.07800843,14,780,,4.21,150,24,33,,
189,T,3/8/2019 11:02,30.37415883,78.07802647,14,779,,3.32,155,24,33,,
190,T,3/8/2019 11:02,30.37414082,78.07801958,15,777,,1.96,157,24,33,,
191,T,3/8/2019 11:02,30.3741405,78.07802084,15,775,,0.63,157,22,33,,
192,T,3/8/2019 11:02,30.37413481,78.07802814,15,775,,0.54,157,22,33,,
193,T,3/8/2019 11:02,30.37412861,78.07801716,15,775,,0.33,158,22,33,,
194,T,3/8/2019 11:02,30.37412686,78.07801172,17,775,,0,,22,33,,
195,T,3/8/2019 11:02,30.3741306,78.07801748,15,774,,0,,23,33,,
196,T,3/8/2019 11:02,30.37412789,78.07801531,15,774,,0,,23,33,,
197,T,3/8/2019 11:02,30.3741224,78.07801287,15,774,,0,,23,33,,
198,T,3/8/2019 11:02,30.37412219,78.07800939,15,774,,0,,23,33,,
199,T,3/8/2019 11:02,30.37411745,78.07801093,15,774,,0,,23,33,,
200,T,3/8/2019 11:02,30.37411492,78.07801002,14,774,,0,,22,33,,
201,T,3/8/2019 11:02,30.37411315,78.07800668,14,774,,0,,22,33,,
202,T,3/8/2019 11:02,30.37411033,78.07800396,14,774,,0,,22,33,,
203,T,3/8/2019 11:02,30.37410841,78.07799942,14,774,,0,,22,33,,
204,T,3/8/2019 11:02,30.3741077,78.07799809,14,774,,0,,22,33,,
205,T,3/8/2019 11:02,30.37410768,78.07799707,14,774,,0,,22,33,,
206,T,3/8/2019 11:02,30.37410751,78.07799686,14,774,,0,,22,33,,
207,T,3/8/2019 11:02,30.37408981,78.07799785,14,774,,1.23,168,22,33,,
208,T,3/8/2019 11:03,30.37406749,78.07800598,14,774,,2.13,172,22,33,,
209,T,3/8/2019 11:03,30.37403712,78.07801173,14,774,,3.11,176,22,33,,
210,T,3/8/2019 11:03,30.37399653,78.07802165,14,774,,4.04,178,24,33,,
211,T,3/8/2019 11:03,30.37394959,78.07802838,14,774,,4.94,182,23,33,,
212,T,3/8/2019 11:03,30.37390602,78.07804761,14,773,,5.38,182,23,33,,
213,T,3/8/2019 11:03,30.37383649,78.07805922,14,773,,5.83,185,23,33,,
214,T,3/8/2019 11:03,30.37378979,78.07805545,14,772,,5.42,189,23,33,,
215,T,3/8/2019 11:03,30.37373985,78.07804072,14,772,,5.16,193,23,33,,
216,T,3/8/2019 11:03,30.37369152,78.07801429,14,773,,5.08,198,23,33,,
217,T,3/8/2019 11:03,30.37363808,78.07799379,14,773,,4.75,202,23,33,,
218,T,3/8/2019 11:03,30.3735914,78.07798117,14,773,,4.94,205,23,33,,
219,T,3/8/2019 11:03,30.37354705,78.07797358,15,773,,5.7,205,23,33,,
220,T,3/8/2019 11:03,30.37349636,78.07795125,15,773,,6.21,205,23,33,,
221,T,3/8/2019 11:03,30.37344824,78.07791719,15,774,,6.47,206,24,33,,
222,T,3/8/2019 11:03,30.37338927,78.07789381,15,774,,6.82,204,24,33,,
223,T,3/8/2019 11:03,30.37333887,78.07786544,17,773,,6.87,205,24,33,,
224,T,3/8/2019 11:03,30.37327879,78.07783511,18,774,,6.97,206,24,33,,
225,T,3/8/2019 11:03,30.37321893,78.07780109,17,775,,6.98,207,24,33,,
226,T,3/8/2019 11:03,30.37315834,78.07779506,17,776,,6.81,206,24,33,,
227,T,3/8/2019 11:03,30.3730795,78.07775764,17,776,,6.93,206,24,33,,
228,T,3/8/2019 11:03,30.37304231,78.07770856,15,778,,5.89,205,22,32,,
229,T,3/8/2019 11:03,30.37298032,78.07772057,15,775,,5.74,201,22,33,,
230,T,3/8/2019 11:03,30.37294481,78.07769285,17,776,,5.52,203,22,33,,
231,T,3/8/2019 11:03,30.37287134,78.0776794,17,775,,5.95,201,22,33,,
232,T,3/8/2019 11:03,30.37281415,78.07763508,17,776,,6.3,202,21,33,,
233,T,3/8/2019 11:03,30.37276551,78.07759327,17,777,,6.59,201,21,33,,
234,T,3/8/2019 11:03,30.37271928,78.0775427,17,777,,6.78,202,21,33,,
235,T,3/8/2019 11:03,30.37266002,78.07750402,17,779,,7.28,200,22,33,,
236,T,3/8/2019 11:03,30.3725818,78.07749095,17,781,,7.71,196,22,33,,
237,T,3/8/2019 11:03,30.37249275,78.07745091,17,783,,8.41,193,22,33,,
238,T,3/8/2019 11:03,30.37242201,78.07748511,17,778,,8.5,188,22,33,,
239,T,3/8/2019 11:03,30.37235069,78.07748424,17,778,,8.31,183,22,33,,
240,T,3/8/2019 11:03,30.37228324,78.07748837,17,779,,7.63,182,22,33,,
241,T,3/8/2019 11:03,30.37221174,78.07748848,17,780,,7.19,181,22,33,,
242,T,3/8/2019 11:03,30.37212072,78.07746712,17,784,,7.25,182,22,33,,
243,T,3/8/2019 11:03,30.37204494,78.07745146,17,785,,7.8,183,21,32,,
244,T,3/8/2019 11:03,30.37199048,78.07745884,17,783,,7.48,183,21,33,,
245,T,3/8/2019 11:03,30.37191531,78.07744316,17,784,,7.28,182,21,33,,
246,T,3/8/2019 11:03,30.37185683,78.07743429,17,783,,6.75,180,21,33,,
247,T,3/8/2019 11:03,30.3718131,78.07745857,17,781,,6.11,176,21,33,,
248,T,3/8/2019 11:03,30.37176903,78.07746896,17,781,,5.24,174,21,33,,
249,T,3/8/2019 11:03,30.37172332,78.07746663,17,782,,3.79,172,21,33,,
250,T,3/8/2019 11:03,30.37169279,78.0774652,15,783,,2.73,171,21,33,,
251,T,3/8/2019 11:03,30.37166527,78.07746241,15,784,,2.43,172,20,33,,
252,T,3/8/2019 11:03,30.37163511,78.07746632,15,786,,2.37,172,20,33,,
253,T,3/8/2019 11:03,30.37161306,78.0774769,15,786,,2.7,171,21,33,,
254,T,3/8/2019 11:03,30.37158929,78.07748104,15,787,,2.39,171,21,33,,
255,T,3/8/2019 11:03,30.37157061,78.07748605,15,786,,2.64,173,21,33,,
256,T,3/8/2019 11:03,30.37156106,78.07750332,15,784,,2.49,177,21,33,,
257,T,3/8/2019 11:03,30.37154043,78.07750691,15,784,,2.73,184,22,33,,
258,T,3/8/2019 11:03,30.37151372,78.07750445,15,784,,3.01,193,22,33,,
259,T,3/8/2019 11:03,30.37148456,78.07749578,15,783,,3.34,204,22,33,,
260,T,3/8/2019 11:03,30.3714659,78.07748518,15,783,,2,212,22,33,,
261,T,3/8/2019 11:03,30.37145126,78.07747047,15,783,,1.78,216,22,33,,
262,T,3/8/2019 11:03,30.37143808,78.07745767,15,783,,1.91,217,21,33,,
263,T,3/8/2019 11:03,30.37143522,78.07744238,15,782,,2.16,218,22,33,,
264,T,3/8/2019 11:03,30.37141867,78.07742778,15,782,,1.72,219,22,33,,
265,T,3/8/2019 11:03,30.37141889,78.07742903,15,781,,0.5,222,22,33,,
266,T,3/8/2019 11:03,30.37141083,78.07742412,15,782,,0.19,223,22,33,,
267,T,3/8/2019 11:03,30.37141196,78.07742023,17,782,,0.39,224,22,33,,
268,T,3/8/2019 11:04,30.3714075,78.07742425,17,782,,0.38,223,22,33,,
269,T,3/8/2019 11:04,30.3714032,78.07742028,17,783,,0.26,223,22,33,,
270,T,3/8/2019 11:04,30.37140516,78.07741147,17,783,,0.27,224,22,33,,
271,T,3/8/2019 11:04,30.37140519,78.07741798,17,783,,0,,22,33,,
272,T,3/8/2019 11:04,30.37140829,78.07742028,17,782,,0.18,223,22,33,,
273,T,3/8/2019 11:04,30.37140547,78.07741877,15,782,,0,,22,33,,
274,T,3/8/2019 11:04,30.37140568,78.07744123,17,780,,0,,22,33,,
275,T,3/8/2019 11:04,30.37140673,78.07742861,15,780,,0.34,226,22,33,,
276,T,3/8/2019 11:04,30.37139987,78.07742108,15,780,,1.2,226,22,33,,
277,T,3/8/2019 11:04,30.37138237,78.07740099,17,781,,2.28,228,22,33,,
278,T,3/8/2019 11:04,30.37135963,78.07738295,17,781,,2.97,230,22,33,,
279,T,3/8/2019 11:04,30.37132691,78.07734962,17,781,,3.12,230,22,33,,
280,T,3/8/2019 11:04,30.37129283,78.07730268,17,781,,3.96,229,22,33,,
281,T,3/8/2019 11:04,30.37125844,78.07727654,17,780,,3.99,229,22,33,,
282,T,3/8/2019 11:04,30.37123942,78.07723558,15,780,,4.26,228,23,33,,
283,T,3/8/2019 11:04,30.3712145,78.07721016,15,780,,4.56,227,23,33,,
284,T,3/8/2019 11:04,30.37118538,78.07715163,15,781,,5.95,228,23,33,,
285,T,3/8/2019 11:04,30.37114683,78.07710412,17,781,,6.97,231,23,33,,
286,T,3/8/2019 11:04,30.37110828,78.07704735,17,780,,7.8,228,23,33,,
287,T,3/8/2019 11:04,30.371056,78.07699654,17,778,,8.26,224,23,33,,
288,T,3/8/2019 11:04,30.37099705,78.07692684,17,778,,8.95,223,23,33,,
289,T,3/8/2019 11:04,30.37094588,78.07685784,17,778,,9.95,223,23,33,,
290,T,3/8/2019 11:04,30.37087375,78.07677817,17,777,,10.89,222,23,33,,
291,T,3/8/2019 11:04,30.37079643,78.07669757,15,777,,11.61,224,23,33,,
292,T,3/8/2019 11:04,30.37072001,78.07661518,15,776,,12.21,224,23,33,,
293,T,3/8/2019 11:04,30.37063976,78.0765415,15,774,,12.96,223,23,33,,
294,T,3/8/2019 11:04,30.37055588,78.07644574,15,774,,13.79,223,23,33,,
295,T,3/8/2019 11:04,30.37046697,78.07633266,15,773,,14.33,225,23,33,,
296,T,3/8/2019 11:04,30.37037483,78.0762194,15,772,,14.96,226,23,33,,
297,T,3/8/2019 11:04,30.37028214,78.07611095,17,771,,15.57,226,23,33,,
298,T,3/8/2019 11:04,30.3701834,78.07598082,18,770,,16.34,228,23,33,,
299,T,3/8/2019 11:04,30.37009352,78.07585824,18,769,,16.19,230,22,32,,
300,T,3/8/2019 11:04,30.3700075,78.07573006,20,769,,15.64,230,22,33,,
301,T,3/8/2019 11:04,30.36991572,78.07559887,20,768,,14.78,228,22,33,,
302,T,3/8/2019 11:04,30.36982675,78.07548532,21,767,,14.7,226,22,33,,
303,T,3/8/2019 11:04,30.36973946,78.07538758,20,765,,14.15,226,22,33,,
304,T,3/8/2019 11:04,30.36965623,78.07529927,21,765,,13,224,22,33,,
305,T,3/8/2019 11:04,30.3695695,78.07519704,21,764,,12.64,221,22,33,,
306,T,3/8/2019 11:04,30.3694948,78.07512092,21,764,,12.16,220,22,33,,
307,T,3/8/2019 11:04,30.36940947,78.07503213,20,763,,11.68,221,22,33,,
308,T,3/8/2019 11:04,30.36933239,78.07494834,20,762,,11.85,221,22,33,,
309,T,3/8/2019 11:04,30.36925259,78.07483674,18,763,,11.78,222,21,33,,
310,T,3/8/2019 11:04,30.36917999,78.07476258,18,762,,11.8,221,21,33,,
311,T,3/8/2019 11:04,30.3691078,78.07468498,18,762,,11.27,221,20,33,,
312,T,3/8/2019 11:04,30.36902624,78.07459231,17,761,,10.67,224,20,33,,
313,T,3/8/2019 11:04,30.36896369,78.0745193,18,761,,10.52,224,19,33,,
314,T,3/8/2019 11:04,30.36890122,78.0744503,18,760,,10.05,224,19,33,,
315,T,3/8/2019 11:04,30.36883425,78.07434279,18,763,,10.63,225,18,33,,
316,T,3/8/2019 11:04,30.36877451,78.07428319,17,762,,10.45,228,18,33,,
317,T,3/8/2019 11:04,30.3687186,78.07421608,17,760,,9.84,234,18,33,,
318,T,3/8/2019 11:04,30.36866899,78.0741222,17,759,,10.22,242,18,33,,
319,T,3/8/2019 11:04,30.36862544,78.07401374,17,760,,10.45,246,17,33,,
320,T,3/8/2019 11:04,30.36858098,78.0738873,17,760,,10.49,246,17,33,,
321,T,3/8/2019 11:04,30.36854415,78.07379412,17,759,,10.38,245,17,33,,
322,T,3/8/2019 11:04,30.3685083,78.07371047,15,758,,10.1,243,18,33,,
323,T,3/8/2019 11:04,30.36846686,78.07361636,17,758,,9.62,242,18,33,,
324,T,3/8/2019 11:04,30.36842789,78.07353087,17,758,,8.51,240,18,33,,
325,T,3/8/2019 11:04,30.36839682,78.0734624,17,759,,7.65,243,19,33,,
326,T,3/8/2019 11:04,30.36836361,78.07339983,18,757,,6.25,237,19,33,,
327,T,3/8/2019 11:04,30.36834085,78.07335761,18,757,,4.72,233,19,33,,
328,T,3/8/2019 11:05,30.36832644,78.07333151,18,757,,3.12,231,19,33,,
329,T,3/8/2019 11:05,30.36831976,78.07331496,20,757,,1.96,231,19,33,,
330,T,3/8/2019 11:05,30.36828608,78.07326954,17,758,,1.49,231,18,33,,
331,T,3/8/2019 11:05,30.36828182,78.07326686,18,756,,0.2,231,19,33,,
332,T,3/8/2019 11:05,30.36827414,78.07325765,18,756,,0.44,232,20,33,,
333,T,3/8/2019 11:05,30.36826546,78.0732507,17,756,,0.16,232,20,33,,
334,T,3/8/2019 11:05,30.36825528,78.07323539,17,756,,1.06,228,20,33,,
335,T,3/8/2019 11:05,30.36824222,78.07321233,17,758,,2.63,228,21,33,,
336,T,3/8/2019 11:05,30.36821034,78.07317831,17,757,,4.81,229,21,33,,
337,T,3/8/2019 11:05,30.36817685,78.07313774,17,756,,5.94,230,21,33,,
338,T,3/8/2019 11:05,30.36813389,78.07307639,17,756,,7.25,229,21,33,,
339,T,3/8/2019 11:05,30.36810213,78.07302864,17,755,,7.47,227,21,33,,
340,T,3/8/2019 11:05,30.36804034,78.07295341,17,755,,8.79,226,21,33,,
341,T,3/8/2019 11:05,30.36797711,78.0728815,17,755,,9.72,224,21,33,,
342,T,3/8/2019 11:05,30.36791041,78.07281092,17,754,,10.83,223,20,33,,
343,T,3/8/2019 11:05,30.36786494,78.07275241,17,754,,11.06,223,20,33,,
344,T,3/8/2019 11:05,30.36778485,78.07267527,18,754,,11.85,223,21,33,,
345,T,3/8/2019 11:05,30.36770528,78.07260156,18,753,,11.83,222,21,33,,
346,T,3/8/2019 11:05,30.36762438,78.07252674,18,752,,10.76,220,21,33,,
347,T,3/8/2019 11:05,30.36755082,78.07245588,17,752,,9.58,219,21,33,,
348,T,3/8/2019 11:05,30.3674896,78.07239383,17,750,,7.52,219,21,33,,
349,T,3/8/2019 11:05,30.36745028,78.07235525,17,749,,5.63,219,21,33,,
350,T,3/8/2019 11:05,30.36741955,78.07232919,17,748,,3.77,218,21,33,,
351,T,3/8/2019 11:05,30.36740103,78.07231418,18,747,,2.61,216,21,33,,
352,T,3/8/2019 11:05,30.36737474,78.0722921,18,746,,2.96,215,21,33,,
353,T,3/8/2019 11:05,30.36734507,78.07226785,18,746,,3.94,215,21,33,,
354,T,3/8/2019 11:05,30.36730851,78.07222989,17,746,,5.46,217,20,33,,
355,T,3/8/2019 11:05,30.36726695,78.07218581,17,746,,6.68,218,20,33,,
356,T,3/8/2019 11:05,30.36721215,78.07212846,17,746,,7.81,219,20,33,,
357,T,3/8/2019 11:05,30.36715418,78.07207227,17,746,,8.09,220,21,33,,
358,T,3/8/2019 11:05,30.36709148,78.07201462,18,746,,8.59,217,21,33,,
359,T,3/8/2019 11:05,30.36703249,78.07196207,17,745,,9.58,216,20,32,,
360,T,3/8/2019 11:05,30.36695452,78.07189759,17,745,,10.32,215,20,33,,
361,T,3/8/2019 11:05,30.36688693,78.07182949,17,744,,10.34,216,20,33,,
362,T,3/8/2019 11:05,30.36681758,78.07177357,17,743,,10.42,217,20,33,,
363,T,3/8/2019 11:05,30.36673506,78.07169032,17,745,,10.79,218,19,33,,
364,T,3/8/2019 11:05,30.36665712,78.07161202,17,745,,10.64,218,19,33,,
365,T,3/8/2019 11:05,30.36657574,78.07154714,15,744,,10.56,219,19,33,,
366,T,3/8/2019 11:05,30.36650441,78.07148839,15,742,,10.48,217,19,33,,
367,T,3/8/2019 11:05,30.36642556,78.07141628,15,742,,10.47,217,19,33,,
368,T,3/8/2019 11:05,30.36634258,78.07134209,17,742,,10.54,217,19,33,,
369,T,3/8/2019 11:05,30.3662666,78.07126497,17,742,,10.84,217,19,33,,
370,T,3/8/2019 11:05,30.36617967,78.07120696,17,742,,10.79,215,19,33,,
371,T,3/8/2019 11:05,30.36610401,78.07114048,17,742,,10.07,215,19,33,,
372,T,3/8/2019 11:05,30.36603147,78.07107479,17,743,,8.96,217,19,33,,
373,T,3/8/2019 11:05,30.3659633,78.07101555,17,743,,8.66,217,20,33,,
374,T,3/8/2019 11:05,30.36590212,78.07096324,17,742,,8.02,217,20,33,,
375,T,3/8/2019 11:05,30.36585203,78.07091323,17,742,,7.36,218,19,33,,
376,T,3/8/2019 11:05,30.36580052,78.07086913,17,742,,6.88,217,19,33,,
377,T,3/8/2019 11:05,30.36575034,78.07082046,15,742,,6.89,217,19,33,,
378,T,3/8/2019 11:05,30.36570417,78.07078034,15,741,,6.91,216,19,33,,
379,T,3/8/2019 11:05,30.36565467,78.07073507,15,741,,6.76,217,19,33,,
380,T,3/8/2019 11:05,30.36560465,78.07068941,15,741,,6.52,218,19,33,,
381,T,3/8/2019 11:05,30.36555774,78.07064863,17,741,,6.11,217,18,32,,
382,T,3/8/2019 11:05,30.36551295,78.07061309,17,741,,6.03,215,18,33,,
383,T,3/8/2019 11:05,30.36545659,78.07058003,17,739,,7.02,214,18,33,,
384,T,3/8/2019 11:05,30.36539599,78.07054207,17,738,,7.9,212,17,33,,
385,T,3/8/2019 11:05,30.36532607,78.070482,17,739,,8.31,213,17,33,,
386,T,3/8/2019 11:05,30.36525675,78.0704314,17,737,,8.7,211,19,33,,
387,T,3/8/2019 11:05,30.36519231,78.07038552,17,737,,8.53,211,19,33,,
388,T,3/8/2019 11:06,30.36512183,78.07033929,17,737,,8.54,209,20,33,,
389,T,3/8/2019 11:06,30.36504484,78.07029776,15,737,,8.53,207,20,33,,
390,T,3/8/2019 11:06,30.36497684,78.07025472,15,737,,7.81,207,21,33,,
391,T,3/8/2019 11:06,30.36492054,78.07020638,15,737,,6.69,210,21,33,,
392,T,3/8/2019 11:06,30.36486929,78.07017475,15,738,,5.74,212,21,33,,
393,T,3/8/2019 11:06,30.36483145,78.07014244,15,737,,4.99,213,21,33,,
394,T,3/8/2019 11:06,30.36480108,78.07011516,15,737,,3.69,214,21,32,,
395,T,3/8/2019 11:06,30.36478442,78.07010073,15,737,,2.15,214,21,32,,
396,T,3/8/2019 11:06,30.36477042,78.07008957,15,737,,1.29,214,22,32,,
397,T,3/8/2019 11:06,30.36476519,78.07008206,15,737,,0.54,214,22,32,,
398,T,3/8/2019 11:06,30.36475602,78.07007342,15,737,,0.57,214,22,32,,
399,T,3/8/2019 11:06,30.36474678,78.0700677,15,737,,1.28,214,21,32,,
400,T,3/8/2019 11:06,30.36473113,78.07005108,15,737,,2.53,215,21,32,,
401,T,3/8/2019 11:06,30.36470569,78.07003203,15,736,,3.82,215,22,32,,
402,T,3/8/2019 11:06,30.36466989,78.07000002,15,736,,4.98,215,21,32,,
403,T,3/8/2019 11:06,30.36462377,78.06996567,15,736,,6.24,216,21,32,,
404,T,3/8/2019 11:06,30.36457919,78.06992829,15,735,,6.65,217,21,32,,
405,T,3/8/2019 11:06,30.36452751,78.06988664,15,735,,6.73,218,21,32,,
406,T,3/8/2019 11:06,30.36447956,78.06983974,15,736,,6.61,218,21,32,,
407,T,3/8/2019 11:06,30.36443925,78.06980195,15,735,,5.83,218,21,32,,
408,T,3/8/2019 11:06,30.36439564,78.06976141,15,735,,4.78,217,22,32,,
409,T,3/8/2019 11:06,30.3643614,78.06973352,15,735,,3.66,216,22,32,,
410,T,3/8/2019 11:06,30.36434272,78.06971783,15,734,,3.04,214,22,32,,
411,T,3/8/2019 11:06,30.36431602,78.06969555,15,735,,2.89,213,22,32,,
412,T,3/8/2019 11:06,30.36428927,78.06967873,15,736,,3.28,212,21,32,,
413,T,3/8/2019 11:06,30.36425709,78.06965645,15,736,,4.31,213,21,32,,
414,T,3/8/2019 11:06,30.36422242,78.06962674,15,736,,5.3,214,21,32,,
415,T,3/8/2019 11:06,30.36418037,78.06959236,15,736,,6.26,216,22,32,,
416,T,3/8/2019 11:06,30.36413135,78.0695531,15,735,,6.67,217,22,32,,
417,T,3/8/2019 11:06,30.36408082,78.06950761,17,735,,6.8,216,22,32,,
418,T,3/8/2019 11:06,30.36402868,78.06946448,15,735,,6.61,214,22,32,,
419,T,3/8/2019 11:06,30.36398837,78.06942477,17,735,,5.48,213,22,32,,
420,T,3/8/2019 11:06,30.36395326,78.06939421,17,735,,4.11,213,22,32,,
421,T,3/8/2019 11:06,30.36392981,78.06937975,17,735,,2.59,213,22,32,,
422,T,3/8/2019 11:06,30.36391279,78.06936434,17,735,,1.32,216,22,32,,
423,T,3/8/2019 11:06,30.36389962,78.06935478,17,736,,0.41,215,22,32,,
424,T,3/8/2019 11:06,30.36389681,78.06934782,17,737,,0,,22,32,,
425,T,3/8/2019 11:06,30.3638964,78.06934596,17,737,,0,,22,32,,
426,T,3/8/2019 11:06,30.36389435,78.06934394,17,737,,0,,22,32,,
427,T,3/8/2019 11:06,30.3638925,78.06935125,17,737,,0,,22,32,,
428,T,3/8/2019 11:06,30.36388612,78.06934062,15,737,,0.17,215,22,32,,
429,T,3/8/2019 11:06,30.36388698,78.06933416,15,737,,0,,22,32,,
430,T,3/8/2019 11:06,30.36388393,78.06932817,15,738,,0.16,216,22,32,,
431,T,3/8/2019 11:06,30.36388074,78.0693223,15,737,,0.69,216,22,32,,
432,T,3/8/2019 11:06,30.36386929,78.06930933,15,738,,1.68,217,22,32,,
433,T,3/8/2019 11:06,30.36385377,78.06929758,15,737,,2.86,218,22,32,,
434,T,3/8/2019 11:06,30.36383182,78.06927504,15,736,,3.65,220,22,32,,
435,T,3/8/2019 11:06,30.36380481,78.06924958,15,737,,3.74,221,22,32,,
436,T,3/8/2019 11:06,30.36378323,78.0692202,15,737,,2.87,221,22,32,,
437,T,3/8/2019 11:06,30.36376931,78.06920393,15,737,,1.52,222,22,32,,
438,T,3/8/2019 11:06,30.36376782,78.06919015,15,736,,0.84,222,22,32,,
439,T,3/8/2019 11:06,30.36376048,78.06918223,15,736,,0.93,226,22,31,,
440,T,3/8/2019 11:06,30.36375078,78.06917132,15,737,,1.43,222,22,31,,
441,T,3/8/2019 11:06,30.36373406,78.06915393,17,737,,2.09,219,22,31,,
442,T,3/8/2019 11:06,30.36371151,78.06912938,15,738,,3.44,214,21,31,,
443,T,3/8/2019 11:06,30.36367282,78.06910256,15,738,,4.65,213,21,31,,
444,T,3/8/2019 11:06,30.36363784,78.06907792,15,737,,5.63,215,21,31,,
445,T,3/8/2019 11:06,30.36359467,78.06904081,15,736,,5.99,217,21,31,,
446,T,3/8/2019 11:06,30.36355258,78.06899614,15,736,,6.19,219,21,31,,
447,T,3/8/2019 11:06,30.363511,78.06894522,15,736,,7.07,220,21,31,,
448,T,3/8/2019 11:07,30.3634564,78.06888973,15,736,,7.95,220,21,31,,
449,T,3/8/2019 11:07,30.36340187,78.06883619,15,736,,8.83,221,21,31,,
450,T,3/8/2019 11:07,30.36333688,78.06877386,17,736,,9.54,219,21,31,,
451,T,3/8/2019 11:07,30.36326583,78.06870708,18,736,,10.06,218,21,31,,
452,T,3/8/2019 11:07,30.36319607,78.06863769,18,735,,10.15,217,21,31,,
453,T,3/8/2019 11:07,30.36311429,78.06857134,17,734,,10.24,216,21,31,,
454,T,3/8/2019 11:07,30.36304138,78.06851129,17,734,,10.08,215,21,31,,
455,T,3/8/2019 11:07,30.3629702,78.06845312,17,733,,9.92,214,21,31,,
456,T,3/8/2019 11:07,30.36289516,78.06840122,17,732,,9.33,211,21,31,,
457,T,3/8/2019 11:07,30.36281161,78.06832709,17,732,,9.02,210,21,31,,
458,T,3/8/2019 11:07,30.36273926,78.06827661,17,732,,8.46,208,21,31,,
459,T,3/8/2019 11:07,30.36267492,78.0682461,15,731,,7.5,203,22,31,,
460,T,3/8/2019 11:07,30.36262462,78.06823416,15,729,,6.26,201,22,31,,
461,T,3/8/2019 11:07,30.3625916,78.06822219,15,727,,4.61,202,21,31,,
462,T,3/8/2019 11:07,30.36255979,78.06820001,15,727,,3.26,204,21,31,,
463,T,3/8/2019 11:07,30.36253892,78.06818685,17,727,,1.84,206,21,31,,
464,T,3/8/2019 11:07,30.36253131,78.06818202,17,726,,0.47,207,21,31,,
465,T,3/8/2019 11:07,30.36252239,78.06816981,15,728,,0,,21,31,,
466,T,3/8/2019 11:07,30.36252244,78.06816947,15,727,,0,,21,31,,
467,T,3/8/2019 11:07,30.36252217,78.0681683,15,727,,0,,21,31,,
468,T,3/8/2019 11:07,30.36252081,78.06815962,15,727,,0,,21,31,,
469,T,3/8/2019 11:07,30.36251686,78.06815265,17,727,,0,,21,31,,
470,T,3/8/2019 11:07,30.36251263,78.06814692,15,730,,0,,21,31,,
471,T,3/8/2019 11:07,30.3625119,78.06814159,15,731,,0,,21,31,,
472,T,3/8/2019 11:07,30.36251142,78.06814316,15,730,,0,,21,31,,
473,T,3/8/2019 11:07,30.36250971,78.06813918,15,731,,0,,21,31,,
474,T,3/8/2019 11:07,30.36250717,78.06813679,15,731,,0,,21,31,,
475,T,3/8/2019 11:07,30.36250617,78.06813812,15,731,,0,,21,31,,
476,T,3/8/2019 11:07,30.36250427,78.06813483,15,732,,0,,22,31,,
477,T,3/8/2019 11:07,30.36250414,78.06813414,14,732,,0,,22,31,,
478,T,3/8/2019 11:07,30.36250366,78.06813294,15,732,,0,,22,31,,
479,T,3/8/2019 11:07,30.36250103,78.06813323,14,732,,0.2,210,22,31,,
480,T,3/8/2019 11:07,30.36249572,78.06813022,14,732,,0.85,210,22,31,,
481,T,3/8/2019 11:07,30.36248829,78.06812312,14,732,,1.06,212,22,31,,
482,T,3/8/2019 11:07,30.36248111,78.06811698,14,732,,1.09,214,22,31,,
483,T,3/8/2019 11:07,30.36247335,78.0681097,14,732,,0.93,217,22,31,,
484,T,3/8/2019 11:07,30.36245866,78.06809578,14,733,,1.28,220,22,31,,
485,T,3/8/2019 11:07,30.36244794,78.06808362,14,733,,1.66,221,21,31,,
486,T,3/8/2019 11:07,30.36243528,78.06807061,14,733,,2.22,222,21,31,,
487,T,3/8/2019 11:07,30.36241741,78.06805679,15,733,,2.58,220,22,31,,
488,T,3/8/2019 11:07,30.36239032,78.0680341,15,733,,3.01,214,22,31,,
489,T,3/8/2019 11:07,30.36235098,78.06801405,15,733,,3.87,206,23,31,,
490,T,3/8/2019 11:07,30.36230304,78.06799148,15,733,,4.4,204,23,31,,
491,T,3/8/2019 11:07,30.36225305,78.0679684,33,733,,6.48,203,23,30,,
492,T,3/8/2019 11:07,30.3621951,78.06794897,33,733,,6.58,203,23,30,,
493,T,3/8/2019 11:07,30.36212847,78.06791341,17,733,,7.33,202,23,30,,
494,T,3/8/2019 11:07,30.36207431,78.06788775,15,733,,7.77,202,23,30,,
495,T,3/8/2019 11:07,30.36200536,78.06785445,17,734,,8.33,202,23,30,,
496,T,3/8/2019 11:07,30.36192013,78.0678354,15,732,,8.86,201,23,30,,
497,T,3/8/2019 11:07,30.36184559,78.06779889,15,732,,9,201,23,30,,
498,T,3/8/2019 11:07,30.36176669,78.06775277,15,732,,9.02,202,22,31,,
499,T,3/8/2019 11:07,30.36167715,78.06770665,15,733,,8.96,203,22,31,,
500,T,3/8/2019 11:07,30.36160395,78.06766471,15,732,,9.18,204,22,31,,
501,T,3/8/2019 11:07,30.36151833,78.06763049,15,732,,9.8,203,22,31,,
502,T,3/8/2019 11:07,30.36143396,78.06758995,15,732,,10.47,200,22,31,,
503,T,3/8/2019 11:07,30.36135388,78.06756432,15,730,,9.98,197,21,31,,
504,T,3/8/2019 11:07,30.36127322,78.06753097,15,730,,8.85,196,21,31,,
505,T,3/8/2019 11:07,30.36119389,78.0675075,15,730,,8.82,195,22,31,,
506,T,3/8/2019 11:07,30.3611175,78.06748116,15,730,,8.59,194,22,32,,
507,T,3/8/2019 11:07,30.36104718,78.06745887,15,730,,7.86,192,21,32,,
508,T,3/8/2019 11:08,30.36097705,78.0674505,15,729,,7.61,191,21,32,,
509,T,3/8/2019 11:08,30.36090063,78.0674394,15,729,,8.34,190,21,32,,
510,T,3/8/2019 11:08,30.36082509,78.06742413,15,728,,9.14,189,21,32,,
511,T,3/8/2019 11:08,30.36073826,78.06740818,15,728,,9.69,187,19,32,,
512,T,3/8/2019 11:08,30.36064968,78.06739466,15,728,,9.69,186,19,32,,
513,T,3/8/2019 11:08,30.36057672,78.06738974,15,726,,8.18,186,19,32,,
514,T,3/8/2019 11:08,30.36050669,78.06737489,14,727,,6.91,185,19,32,,
515,T,3/8/2019 11:08,30.36045775,78.06736957,14,727,,5.41,183,19,32,,
516,T,3/8/2019 11:08,30.36041377,78.06736716,15,726,,4.48,180,21,32,,
517,T,3/8/2019 11:08,30.3603747,78.06736758,14,725,,3.78,176,21,32,,
518,T,3/8/2019 11:08,30.36034212,78.06736899,14,726,,3.16,173,21,32,,
519,T,3/8/2019 11:08,30.3603012,78.06736687,14,728,,2.87,171,22,32,,
520,T,3/8/2019 11:08,30.36028188,78.06737503,14,728,,2.13,173,22,32,,
521,T,3/8/2019 11:08,30.36027032,78.06737193,14,729,,1.1,177,23,32,,
522,T,3/8/2019 11:08,30.36026367,78.06737482,14,729,,0.49,178,23,32,,
523,T,3/8/2019 11:08,30.3602621,78.06737668,14,729,,0.17,180,23,32,,
524,T,3/8/2019 11:08,30.36025528,78.0673695,14,731,,0,,23,32,,
525,T,3/8/2019 11:08,30.36025209,78.0673683,14,731,,0.17,179,23,32,,
526,T,3/8/2019 11:08,30.36025382,78.06737163,14,731,,0.26,179,23,32,,
527,T,3/8/2019 11:08,30.3602449,78.06737368,14,731,,0.98,180,23,32,,
528,T,3/8/2019 11:08,30.36023482,78.06737287,14,731,,1.7,181,23,32,,
529,T,3/8/2019 11:08,30.36021394,78.06737296,14,731,,2.85,180,23,32,,
530,T,3/8/2019 11:08,30.36018048,78.06737226,14,732,,3.4,180,23,32,,
531,T,3/8/2019 11:08,30.3601421,78.06736958,14,732,,4.33,182,23,32,,
532,T,3/8/2019 11:08,30.36009276,78.06736157,14,732,,5.68,183,23,32,,
533,T,3/8/2019 11:08,30.36003387,78.06735055,14,731,,6.74,186,23,32,,
534,T,3/8/2019 11:08,30.3599765,78.06734104,14,731,,6.88,189,23,32,,
535,T,3/8/2019 11:08,30.35992024,78.06733071,14,730,,7.1,192,23,32,,
536,T,3/8/2019 11:08,30.35984516,78.06731312,14,730,,7.98,192,23,32,,
537,T,3/8/2019 11:08,30.35976988,78.0673018,14,730,,8.71,191,23,32,,
538,T,3/8/2019 11:08,30.35969704,78.0672906,15,728,,9.1,192,23,32,,
539,T,3/8/2019 11:08,30.35961913,78.06727601,15,726,,9.41,192,22,32,,
540,T,3/8/2019 11:08,30.35953364,78.06725602,15,726,,9.59,194,22,32,,
541,T,3/8/2019 11:08,30.35944379,78.06722636,15,725,,9.81,196,22,32,,
542,T,3/8/2019 11:08,30.35935144,78.06720185,15,725,,10.47,198,22,32,,
543,T,3/8/2019 11:08,30.35926106,78.06716133,15,725,,10.84,201,22,32,,
544,T,3/8/2019 11:08,30.35916658,78.06711811,15,725,,11.26,202,22,32,,
545,T,3/8/2019 11:08,30.35906757,78.06707471,15,723,,11.63,203,22,32,,
546,T,3/8/2019 11:08,30.35897022,78.06703696,15,722,,11.81,203,22,32,,
547,T,3/8/2019 11:08,30.35887405,78.06699333,15,721,,11.72,202,22,32,,
548,T,3/8/2019 11:08,30.35878333,78.06695323,15,719,,11.56,202,22,32,,
549,T,3/8/2019 11:08,30.35868427,78.06691359,15,718,,11.46,200,22,32,,
550,T,3/8/2019 11:08,30.35858609,78.06687441,15,717,,11.34,201,22,32,,
551,T,3/8/2019 11:08,30.35849012,78.06683141,15,717,,11.25,201,22,32,,
552,T,3/8/2019 11:08,30.35838558,78.06678353,15,718,,10.33,202,22,32,,
553,T,3/8/2019 11:08,30.35830947,78.06675789,15,716,,8.26,204,22,32,,
554,T,3/8/2019 11:08,30.35825837,78.06672693,15,716,,5.45,203,22,32,,
555,T,3/8/2019 11:08,30.35822238,78.06670842,15,716,,4.02,200,21,32,,
556,T,3/8/2019 11:08,30.35818782,78.06669681,15,715,,3.78,197,21,32,,
557,T,3/8/2019 11:08,30.35815811,78.06668523,15,716,,3.74,199,20,32,,
558,T,3/8/2019 11:08,30.35812132,78.066671,15,715,,4.44,200,20,32,,
559,T,3/8/2019 11:08,30.35808059,78.0666515,15,715,,5.25,200,20,32,,
560,T,3/8/2019 11:08,30.35801031,78.06662652,15,715,,6.52,199,20,32,,
561,T,3/8/2019 11:08,30.35795731,78.0665969,15,715,,7.17,200,20,32,,
562,T,3/8/2019 11:08,30.35789553,78.06658319,15,713,,8.27,200,19,32,,
563,T,3/8/2019 11:08,30.3578185,78.06655212,15,713,,9.21,200,19,32,,
564,T,3/8/2019 11:08,30.35774159,78.06651722,15,714,,9.55,200,20,32,,
565,T,3/8/2019 11:08,30.35766952,78.06648224,15,714,,9.47,201,20,32,,
566,T,3/8/2019 11:08,30.35757288,78.06643427,15,713,,10.2,201,20,32,,
567,T,3/8/2019 11:08,30.35746987,78.06637749,15,712,,11.15,202,20,32,,
568,T,3/8/2019 11:09,30.35736703,78.06632515,15,712,,11.63,203,20,32,,
569,T,3/8/2019 11:09,30.35726831,78.06627549,15,714,,11.81,205,20,32,,
570,T,3/8/2019 11:09,30.35717465,78.06620546,15,714,,12.02,208,20,32,,
571,T,3/8/2019 11:09,30.35708034,78.06613034,15,714,,12.26,212,20,32,,
572,T,3/8/2019 11:09,30.3569875,78.06605397,15,713,,12.49,215,20,32,,
573,T,3/8/2019 11:09,30.35689445,78.06596293,15,713,,12.48,220,20,32,,
574,T,3/8/2019 11:09,30.35680924,78.06587149,15,713,,12.39,221,21,32,,
575,T,3/8/2019 11:09,30.35672841,78.06578294,15,714,,12.15,223,21,32,,
576,T,3/8/2019 11:09,30.35664572,78.06569169,15,714,,12.09,223,21,32,,
577,T,3/8/2019 11:09,30.35656944,78.06561816,15,713,,11.97,222,20,32,,
578,T,3/8/2019 11:09,30.35648813,78.06553627,15,713,,12.18,220,20,32,,
579,T,3/8/2019 11:09,30.35639874,78.0654471,15,712,,12.76,220,20,32,,
580,T,3/8/2019 11:09,30.35631279,78.06536077,15,711,,13.15,221,20,32,,
581,T,3/8/2019 11:09,30.35621776,78.06526539,17,711,,13.49,222,20,32,,
582,T,3/8/2019 11:09,30.35613011,78.06517201,17,710,,13.68,223,20,32,,
583,T,3/8/2019 11:09,30.35603414,78.06506133,18,709,,13.96,227,20,32,,
584,T,3/8/2019 11:09,30.35594856,78.06496072,18,708,,13.91,226,20,32,,
585,T,3/8/2019 11:09,30.35585927,78.06485412,18,707,,13.91,225,20,32,,
586,T,3/8/2019 11:09,30.35575816,78.06474813,17,706,,14.1,223,20,32,,
587,T,3/8/2019 11:09,30.3556497,78.06464936,17,705,,14.34,222,20,32,,
588,T,3/8/2019 11:09,30.35555231,78.06455077,17,704,,14.27,220,20,32,,
589,T,3/8/2019 11:09,30.35544886,78.06445918,18,702,,14.14,219,20,32,,
590,T,3/8/2019 11:09,30.35533062,78.06437784,17,703,,14.37,214,19,32,,
591,T,3/8/2019 11:09,30.35522041,78.06430309,17,704,,14.22,211,19,32,,
592,T,3/8/2019 11:09,30.35510836,78.06421971,17,704,,14,208,19,32,,
593,T,3/8/2019 11:09,30.35500018,78.06415067,17,703,,13.76,206,19,31,,
594,T,3/8/2019 11:09,30.35489622,78.06409847,17,702,,13.6,203,19,31,,
595,T,3/8/2019 11:09,30.35478669,78.06402658,17,703,,13.81,202,19,31,,
596,T,3/8/2019 11:09,30.35466157,78.06396407,15,703,,14.25,201,19,31,,
597,T,3/8/2019 11:09,30.3545421,78.06390768,17,702,,14.02,201,19,31,,
598,T,3/8/2019 11:09,30.35442574,78.06385827,15,702,,13.93,201,19,31,,
599,T,3/8/2019 11:09,30.35430973,78.06379043,15,702,,13.95,201,19,31,,
600,T,3/8/2019 11:09,30.35418518,78.06373942,15,703,,13.61,202,19,31,,
601,T,3/8/2019 11:09,30.35407973,78.06370065,15,702,,11.99,202,19,31,,
602,T,3/8/2019 11:09,30.35398986,78.06365496,15,702,,10.47,201,18,31,,
603,T,3/8/2019 11:09,30.35391164,78.06362029,15,701,,9.29,201,18,31,,
604,T,3/8/2019 11:09,30.35384401,78.06358672,15,701,,7.85,201,18,31,,
605,T,3/8/2019 11:09,30.3537813,78.06355289,15,701,,6.39,201,18,31,,
606,T,3/8/2019 11:09,30.35373534,78.06353146,15,700,,5.32,201,18,31,,
607,T,3/8/2019 11:09,30.35369836,78.06351633,15,700,,3.88,202,19,31,,
608,T,3/8/2019 11:09,30.35366229,78.06350696,15,698,,3.9,202,19,31,,
609,T,3/8/2019 11:09,30.35362955,78.06349152,15,699,,4.33,200,19,31,,
610,T,3/8/2019 11:09,30.35358929,78.0634764,15,699,,4.93,203,19,31,,
611,T,3/8/2019 11:09,30.35354271,78.06344921,15,700,,5.69,200,19,31,,
612,T,3/8/2019 11:09,30.35349027,78.06344361,14,698,,6.81,199,19,31,,
613,T,3/8/2019 11:09,30.35342352,78.0634156,14,697,,7.71,199,19,31,,
614,T,3/8/2019 11:09,30.35335243,78.06338325,14,697,,8.6,200,19,31,,
615,T,3/8/2019 11:09,30.35327833,78.0633385,14,697,,9.6,201,19,31,,
616,T,3/8/2019 11:09,30.35318997,78.06329732,15,697,,10.52,201,19,30,,
617,T,3/8/2019 11:09,30.35309687,78.06325377,15,697,,11.26,201,19,31,,
618,T,3/8/2019 11:09,30.35300861,78.06320987,15,696,,11.29,200,18,31,,
619,T,3/8/2019 11:09,30.35291374,78.06317333,15,697,,11.77,199,18,32,,
620,T,3/8/2019 11:09,30.35281109,78.06314463,15,695,,12.26,198,18,32,,
621,T,3/8/2019 11:09,30.35269999,78.06310328,15,695,,12.6,197,18,32,,
622,T,3/8/2019 11:09,30.35258991,78.06307037,15,694,,12.74,196,18,32,,
623,T,3/8/2019 11:09,30.35248456,78.0630329,15,693,,12.62,194,18,32,,
624,T,3/8/2019 11:09,30.35237017,78.06299909,15,692,,12.55,193,18,32,,
625,T,3/8/2019 11:09,30.35226123,78.06296446,15,691,,12.52,193,18,32,,
626,T,3/8/2019 11:09,30.35214777,78.06293134,15,691,,12.93,195,19,32,,
627,T,3/8/2019 11:09,30.35203692,78.06289309,15,691,,13.09,195,19,32,,
628,T,3/8/2019 11:10,30.35192062,78.06284945,15,690,,13.72,195,19,32,,
629,T,3/8/2019 11:10,30.35179839,78.06280936,15,689,,14.08,195,20,32,,
630,T,3/8/2019 11:10,30.35167371,78.06276966,17,688,,14.07,195,20,32,,
631,T,3/8/2019 11:10,30.3515523,78.06272924,17,688,,14.1,195,20,32,,
632,T,3/8/2019 11:10,30.35142132,78.0626915,17,687,,14.35,195,20,32,,
633,T,3/8/2019 11:10,30.35129597,78.06264977,17,686,,14.5,195,20,32,,
634,T,3/8/2019 11:10,30.35116148,78.06260434,17,686,,14.95,196,20,32,,
635,T,3/8/2019 11:10,30.35102543,78.06256145,17,686,,15.12,195,19,32,,
636,T,3/8/2019 11:10,30.35090051,78.06251713,15,685,,14.66,194,19,32,,
637,T,3/8/2019 11:10,30.35077403,78.06247853,15,684,,14.19,191,19,32,,
638,T,3/8/2019 11:10,30.35064696,78.06245308,15,683,,14.15,187,19,32,,
639,T,3/8/2019 11:10,30.35051478,78.06243352,15,683,,14.71,183,18,32,,
640,T,3/8/2019 11:10,30.35037418,78.06242718,15,683,,15.2,179,18,32,,
641,T,3/8/2019 11:10,30.35023543,78.06243282,15,683,,15.69,176,19,32,,
642,T,3/8/2019 11:10,30.35008545,78.06244063,15,683,,16.12,175,18,32,,
643,T,3/8/2019 11:10,30.34994447,78.0624489,15,683,,15.72,175,18,32,,
644,T,3/8/2019 11:10,30.34980208,78.06245804,15,683,,15.45,175,18,32,,
645,T,3/8/2019 11:10,30.34965893,78.06247085,15,683,,14.6,176,18,32,,
646,T,3/8/2019 11:10,30.34954627,78.0624929,15,680,,13.84,177,18,32,,
647,T,3/8/2019 11:10,30.34943075,78.06249603,17,680,,12.66,178,18,32,,
648,T,3/8/2019 11:10,30.34932624,78.06249378,17,680,,11.2,178,18,32,,
649,T,3/8/2019 11:10,30.34922748,78.0624927,18,680,,10.39,179,17,32,,
650,T,3/8/2019 11:10,30.34913626,78.06249604,18,681,,9.69,177,16,32,,
651,T,3/8/2019 11:10,30.34904544,78.06249822,18,683,,9.19,177,16,32,,
652,T,3/8/2019 11:10,30.34897056,78.06249751,18,683,,8.04,178,16,32,,
653,T,3/8/2019 11:10,30.34890395,78.06249788,18,684,,6.6,179,16,32,,
654,T,3/8/2019 11:10,30.34884939,78.06249795,20,684,,5.24,180,17,32,,
655,T,3/8/2019 11:10,30.3488166,78.06249923,20,684,,3.63,179,17,32,,
656,T,3/8/2019 11:10,30.34879013,78.06249825,20,685,,1.93,179,17,32,,
657,T,3/8/2019 11:10,30.34877978,78.06250392,20,684,,0.98,179,17,32,,
658,T,3/8/2019 11:10,30.34877838,78.06250995,20,683,,0.29,178,17,32,,
659,T,3/8/2019 11:10,30.3487785,78.06250817,20,682,,0,,18,32,,
660,T,3/8/2019 11:10,30.34877907,78.06250645,20,682,,0,,18,32,,
661,T,3/8/2019 11:10,30.34877635,78.06250327,18,683,,0,,18,32,,
662,T,3/8/2019 11:10,30.34877448,78.06249815,18,684,,0,,18,32,,
663,T,3/8/2019 11:10,30.34877234,78.06249591,18,684,,0.23,178,18,32,,
664,T,3/8/2019 11:10,30.34876213,78.06249412,18,684,,1.19,178,19,32,,
665,T,3/8/2019 11:10,30.34873965,78.06249427,17,685,,2.5,179,19,32,,
666,T,3/8/2019 11:10,30.34870756,78.06249486,17,685,,3.92,180,19,32,,
667,T,3/8/2019 11:10,30.34866367,78.06249182,17,685,,5.21,181,18,32,,
668,T,3/8/2019 11:10,30.34861552,78.06249705,17,684,,6.4,180,18,32,,
669,T,3/8/2019 11:10,30.34854898,78.06249111,17,685,,7.16,180,18,32,,
670,T,3/8/2019 11:10,30.34849056,78.06249111,17,684,,7.14,180,18,32,,
671,T,3/8/2019 11:10,30.34843128,78.0624866,17,685,,7.07,181,18,32,,
672,T,3/8/2019 11:10,30.3483572,78.06248857,17,684,,7.98,182,18,32,,
673,T,3/8/2019 11:10,30.34828225,78.06248637,17,684,,8.77,183,18,32,,
674,T,3/8/2019 11:10,30.34820156,78.06248451,17,684,,9.34,184,18,32,,
675,T,3/8/2019 11:10,30.34811764,78.06249342,17,682,,10.13,184,18,32,,
676,T,3/8/2019 11:10,30.34802795,78.06249204,17,681,,10.62,185,18,32,,
677,T,3/8/2019 11:10,30.34793435,78.06248346,17,681,,10.7,186,18,32,,
678,T,3/8/2019 11:10,30.34783209,78.06246375,17,681,,10.72,187,19,32,,
679,T,3/8/2019 11:10,30.34773309,78.06244706,17,682,,10.74,186,19,32,,
680,T,3/8/2019 11:10,30.34763573,78.06243179,18,683,,10.52,187,19,32,,
681,T,3/8/2019 11:10,30.34754061,78.06241946,18,683,,10.49,187,19,32,,
682,T,3/8/2019 11:10,30.34744214,78.06240871,18,683,,10.67,187,20,32,,
683,T,3/8/2019 11:10,30.34736169,78.06240774,17,682,,10.7,186,20,32,,
684,T,3/8/2019 11:10,30.34725609,78.06239397,17,683,,11.08,184,21,32,,
685,T,3/8/2019 11:10,30.34715374,78.06238371,17,682,,11.3,184,21,32,,
686,T,3/8/2019 11:10,30.34704553,78.06236988,17,683,,11.72,184,21,32,,
687,T,3/8/2019 11:10,30.34693212,78.06236346,17,683,,12.32,183,21,32,,
688,T,3/8/2019 11:11,30.34681439,78.06235064,17,683,,12.74,183,21,32,,
689,T,3/8/2019 11:11,30.34669377,78.06233671,15,684,,13.16,184,21,32,,
690,T,3/8/2019 11:11,30.34656935,78.06232266,15,685,,13.32,186,21,32,,
691,T,3/8/2019 11:11,30.34644535,78.06230362,15,686,,13.61,188,21,32,,
692,T,3/8/2019 11:11,30.34631414,78.06227538,15,687,,13.91,190,20,32,,
693,T,3/8/2019 11:11,30.34619179,78.06224788,15,687,,13.62,191,20,32,,
694,T,3/8/2019 11:11,30.34607139,78.06221547,15,688,,13.41,193,20,32,,
695,T,3/8/2019 11:11,30.34596005,78.06217945,15,687,,13.25,194,20,32,,
696,T,3/8/2019 11:11,30.34584572,78.06214366,15,687,,13.1,196,20,32,,
697,T,3/8/2019 11:11,30.3457336,78.06210735,15,687,,12.59,197,21,32,,
698,T,3/8/2019 11:11,30.34564487,78.06209069,15,685,,11.61,197,21,32,,
699,T,3/8/2019 11:11,30.34554503,78.0620573,15,685,,10.95,197,21,32,,
700,T,3/8/2019 11:11,30.34546203,78.06203451,15,684,,9.6,197,21,32,,
701,T,3/8/2019 11:11,30.3453821,78.06200521,15,684,,8.66,198,21,32,,
702,T,3/8/2019 11:11,30.34531167,78.06198634,15,683,,8.14,198,22,32,,
703,T,3/8/2019 11:11,30.34525872,78.0619721,15,681,,7.81,198,21,32,,
704,T,3/8/2019 11:11,30.34518991,78.06195338,15,680,,8.16,198,21,32,,
705,T,3/8/2019 11:11,30.34512251,78.0619255,15,679,,8.7,199,21,32,,
706,T,3/8/2019 11:11,30.3450477,78.06189408,15,678,,9.4,199,21,32,,
707,T,3/8/2019 11:11,30.3449735,78.06186196,15,677,,10,200,22,32,,
708,T,3/8/2019 11:11,30.34488495,78.06182592,15,677,,10.47,200,22,32,,
709,T,3/8/2019 11:11,30.34478946,78.06178608,15,676,,10.93,200,22,32,,
710,T,3/8/2019 11:11,30.34470067,78.06174527,15,676,,11.12,200,22,32,,
711,T,3/8/2019 11:11,30.3446015,78.06170143,15,675,,11.61,199,22,32,,
712,T,3/8/2019 11:11,30.34450302,78.06166302,15,674,,11.81,199,22,32,,
713,T,3/8/2019 11:11,30.34440096,78.06161662,17,674,,12.28,200,21,32,,
714,T,3/8/2019 11:11,30.3442959,78.06157037,17,674,,12.44,200,21,32,,
715,T,3/8/2019 11:11,30.34418985,78.06152881,17,673,,12.57,199,20,32,,
716,T,3/8/2019 11:11,30.34407992,78.0614862,17,674,,12.46,199,20,32,,
717,T,3/8/2019 11:11,30.34397123,78.0614452,17,673,,12.27,198,20,32,,
718,T,3/8/2019 11:11,30.34385558,78.06139979,17,674,,12.43,198,21,32,,
719,T,3/8/2019 11:11,30.34375312,78.06136592,17,673,,11.88,197,21,32,,
720,T,3/8/2019 11:11,30.34365111,78.06132934,17,673,,11.15,197,20,32,,
721,T,3/8/2019 11:11,30.34355916,78.06130082,17,672,,10.31,197,21,32,,
722,T,3/8/2019 11:11,30.34347567,78.06126839,17,672,,8.89,196,21,32,,
723,T,3/8/2019 11:11,30.34339714,78.06124254,17,673,,7.63,195,21,32,,
724,T,3/8/2019 11:11,30.3433366,78.06122423,17,672,,6.47,194,21,32,,
725,T,3/8/2019 11:11,30.3432831,78.06120121,17,673,,5.11,194,22,32,,
726,T,3/8/2019 11:11,30.34325276,78.06119712,17,671,,3.63,195,23,32,,
727,T,3/8/2019 11:11,30.34322804,78.06119069,17,671,,2.34,196,23,32,,
728,T,3/8/2019 11:11,30.34321002,78.06118079,15,672,,1.31,197,24,32,,
729,T,3/8/2019 11:11,30.34319516,78.06117234,15,673,,1.61,197,24,32,,
730,T,3/8/2019 11:11,30.34317871,78.06117053,15,672,,2.57,197,24,32,,
731,T,3/8/2019 11:11,30.34315048,78.0611587,15,672,,3.64,199,24,32,,
732,T,3/8/2019 11:11,30.34311705,78.06114947,15,671,,4.76,201,24,32,,
733,T,3/8/2019 11:11,30.34306316,78.06112729,15,671,,6.33,199,24,32,,
734,T,3/8/2019 11:11,30.34300549,78.06110273,15,671,,7.09,197,24,32,,
735,T,3/8/2019 11:11,30.34294048,78.06107976,15,672,,7.24,196,24,32,,
736,T,3/8/2019 11:11,30.34287367,78.06105814,17,672,,7.54,194,24,32,,
737,T,3/8/2019 11:11,30.34279995,78.06103079,17,673,,8.3,194,24,32,,
738,T,3/8/2019 11:11,30.34271859,78.0610075,17,673,,9.28,193,24,32,,
739,T,3/8/2019 11:11,30.34263827,78.06098034,17,673,,9.69,194,24,32,,
740,T,3/8/2019 11:11,30.34255195,78.06094964,17,673,,9.74,194,24,32,,
741,T,3/8/2019 11:11,30.34246374,78.06092156,17,673,,9.69,194,24,32,,
742,T,3/8/2019 11:11,30.34238314,78.06089982,17,673,,9.59,194,24,32,,
743,T,3/8/2019 11:11,30.34229103,78.06087121,17,672,,9.51,194,24,32,,
744,T,3/8/2019 11:11,30.34221155,78.0608536,17,671,,8.6,194,24,32,,
745,T,3/8/2019 11:11,30.34213718,78.06083384,17,671,,7.84,192,24,32,,
746,T,3/8/2019 11:11,30.34206984,78.06081947,17,671,,6.98,189,23,32,,
747,T,3/8/2019 11:11,30.34201101,78.06080718,17,672,,6.08,183,23,32,,
748,T,3/8/2019 11:12,30.3419567,78.06080363,17,672,,5.74,178,23,32,,
749,T,3/8/2019 11:12,30.34190751,78.06080752,17,671,,5.26,172,23,32,,
750,T,3/8/2019 11:12,30.34186478,78.06081537,17,671,,4.57,170,24,32,,
751,T,3/8/2019 11:12,30.34182748,78.06082544,15,670,,4.1,172,24,32,,
752,T,3/8/2019 11:12,30.3417921,78.06082887,15,670,,3.79,176,24,32,,
753,T,3/8/2019 11:12,30.34176328,78.0608362,15,670,,3.62,179,25,32,,
754,T,3/8/2019 11:12,30.34173287,78.06083662,15,669,,3.33,181,24,32,,
755,T,3/8/2019 11:12,30.34170338,78.06083285,15,669,,3.16,184,24,32,,
756,T,3/8/2019 11:12,30.34167417,78.06082773,15,669,,2.68,185,24,32,,
757,T,3/8/2019 11:12,30.34164922,78.06082002,15,671,,2.08,190,24,32,,
758,T,3/8/2019 11:12,30.34163497,78.06081488,15,671,,1.52,195,24,32,,
759,T,3/8/2019 11:12,30.34162205,78.06081051,15,670,,1.07,199,24,32,,
760,T,3/8/2019 11:12,30.34161492,78.06080933,15,670,,0.62,201,24,32,,
761,T,3/8/2019 11:12,30.34160871,78.06080637,15,670,,0.2,203,24,32,,
762,T,3/8/2019 11:12,30.34160891,78.06080543,15,670,,0.22,204,24,32,,
763,T,3/8/2019 11:12,30.34160703,78.06080447,15,670,,0,,23,32,,
764,T,3/8/2019 11:12,30.34160909,78.06080512,15,670,,0.19,203,23,32,,
765,T,3/8/2019 11:12,30.34160329,78.06080084,15,671,,0.42,204,23,32,,
766,T,3/8/2019 11:12,30.3415938,78.06079547,15,671,,1.18,205,23,32,,
767,T,3/8/2019 11:12,30.34158501,78.06079192,15,670,,1.8,206,23,32,,
768,T,3/8/2019 11:12,30.34156886,78.06078073,14,670,,2.56,207,23,32,,
769,T,3/8/2019 11:12,30.34154102,78.06076026,14,671,,3.55,207,23,32,,
770,T,3/8/2019 11:12,30.34150378,78.06074771,14,670,,4.96,206,23,32,,
771,T,3/8/2019 11:12,30.34145939,78.06072504,14,669,,6.07,204,23,32,,
772,T,3/8/2019 11:12,30.34140675,78.06069729,14,669,,6.96,204,23,32,,
773,T,3/8/2019 11:12,30.34133971,78.06065798,14,669,,7.83,205,23,32,,
774,T,3/8/2019 11:12,30.3412757,78.06062344,14,669,,7.96,204,23,32,,
775,T,3/8/2019 11:12,30.3412132,78.06059342,14,668,,8,203,23,32,,
776,T,3/8/2019 11:12,30.3411443,78.06056321,14,668,,8.44,202,23,32,,
777,T,3/8/2019 11:12,30.34106674,78.06052729,14,668,,8.86,200,23,32,,
778,T,3/8/2019 11:12,30.34098378,78.06049397,15,668,,9.48,198,22,31,,
779,T,3/8/2019 11:12,30.34089969,78.06046721,15,668,,9.95,194,23,32,,
780,T,3/8/2019 11:12,30.34080925,78.0604405,15,668,,10.41,192,21,32,,
781,T,3/8/2019 11:12,30.34070918,78.06041882,15,668,,10.49,191,21,32,,
782,T,3/8/2019 11:12,30.3406171,78.06040305,15,668,,10.48,194,21,32,,
783,T,3/8/2019 11:12,30.34053034,78.06037566,15,667,,10.51,199,19,32,,
784,T,3/8/2019 11:12,30.34043962,78.0603308,15,667,,10.57,206,19,32,,
785,T,3/8/2019 11:12,30.34035567,78.06026977,15,668,,10.66,211,19,32,,
786,T,3/8/2019 11:12,30.3402788,78.06021828,15,667,,10.69,213,19,32,,
787,T,3/8/2019 11:12,30.34019523,78.06015464,14,666,,10.95,213,19,32,,
788,T,3/8/2019 11:12,30.34011225,78.06008822,14,667,,10.85,214,18,32,,
789,T,3/8/2019 11:12,30.34003083,78.0600196,15,667,,11.21,215,18,32,,
790,T,3/8/2019 11:12,30.33994849,78.05995731,15,666,,11.69,216,18,32,,
791,T,3/8/2019 11:12,30.33985444,78.05988061,15,665,,12.54,216,18,32,,
792,T,3/8/2019 11:12,30.33975882,78.0597995,15,665,,13.1,216,18,32,,
793,T,3/8/2019 11:12,30.33966113,78.0597224,15,665,,13.5,216,18,32,,
794,T,3/8/2019 11:12,30.33956521,78.05964218,15,664,,13.38,216,18,32,,
795,T,3/8/2019 11:12,30.33946989,78.05956483,15,664,,13.02,217,18,32,,
796,T,3/8/2019 11:12,30.33937586,78.05948335,17,665,,12.48,217,18,32,,
797,T,3/8/2019 11:12,30.33928686,78.05941384,17,664,,11.16,217,18,32,,
798,T,3/8/2019 11:12,30.33921139,78.05934994,17,664,,9.74,217,18,32,,
799,T,3/8/2019 11:12,30.33914219,78.05928614,17,664,,8.39,217,18,32,,
800,T,3/8/2019 11:12,30.33909083,78.05924358,15,663,,6.7,217,19,32,,
801,T,3/8/2019 11:12,30.33905338,78.05921144,15,663,,4.93,218,19,32,,
802,T,3/8/2019 11:12,30.33903102,78.05919929,15,661,,3.27,218,19,32,,
803,T,3/8/2019 11:12,30.33901274,78.05917797,15,662,,1.73,219,19,32,,
804,T,3/8/2019 11:12,30.33900181,78.05916507,15,662,,0.81,219,21,32,,
805,T,3/8/2019 11:12,30.33899487,78.05915845,15,662,,0.72,218,21,32,,
806,T,3/8/2019 11:12,30.33899604,78.05916208,15,660,,0.6,218,19,32,,
807,T,3/8/2019 11:12,30.33899118,78.05915663,15,659,,1.87,218,19,32,,
808,T,3/8/2019 11:13,30.33897374,78.05913896,15,659,,2.54,218,19,32,,
809,T,3/8/2019 11:13,30.33895815,78.05912015,15,659,,2.48,217,19,32,,
810,T,3/8/2019 11:13,30.3389344,78.05910168,17,658,,3.68,216,19,32,,
811,T,3/8/2019 11:13,30.33889834,78.05906701,15,658,,5.19,215,20,32,,
812,T,3/8/2019 11:13,30.33885526,78.05903143,15,658,,6.26,215,21,32,,
813,T,3/8/2019 11:13,30.338804,78.05899159,15,657,,6.72,216,21,32,,
814,T,3/8/2019 11:13,30.33875125,78.05894679,15,657,,6.96,217,21,32,,
815,T,3/8/2019 11:13,30.33869577,78.05889362,17,657,,7.78,220,21,32,,
816,T,3/8/2019 11:13,30.33864159,78.05883354,17,657,,8.24,225,20,32,,
817,T,3/8/2019 11:13,30.33859059,78.05876401,15,656,,8.74,230,19,32,,
818,T,3/8/2019 11:13,30.33853896,78.05869029,15,656,,8.81,232,19,32,,
819,T,3/8/2019 11:13,30.33849148,78.05861884,15,656,,8.04,232,20,32,,
820,T,3/8/2019 11:13,30.3384497,78.05855283,15,656,,6.78,231,20,32,,
821,T,3/8/2019 11:13,30.33842084,78.05852113,17,655,,5.17,229,20,32,,
822,T,3/8/2019 11:13,30.33839232,78.05848566,15,655,,3.84,227,20,32,,
823,T,3/8/2019 11:13,30.33837676,78.05846666,15,654,,2.41,231,20,32,,
824,T,3/8/2019 11:13,30.33836904,78.05845365,15,654,,1.06,233,21,32,,
825,T,3/8/2019 11:13,30.338368,78.05844535,15,654,,0,,21,32,,
826,T,3/8/2019 11:13,30.33836746,78.05844229,15,654,,0,,21,32,,
827,T,3/8/2019 11:13,30.33836923,78.05844828,15,654,,0,,21,32,,
828,T,3/8/2019 11:13,30.33836686,78.05844422,15,654,,0.57,234,21,32,,
829,T,3/8/2019 11:13,30.33836058,78.05843138,17,653,,1.64,235,21,32,,
830,T,3/8/2019 11:13,30.33834888,78.05840969,17,653,,2.94,237,21,32,,
831,T,3/8/2019 11:13,30.33833006,78.05837486,18,653,,3.61,238,21,32,,
832,T,3/8/2019 11:13,30.33830666,78.05832557,18,653,,4.21,240,20,32,,
833,T,3/8/2019 11:13,30.33827848,78.05826569,18,653,,5.25,240,20,32,,
834,T,3/8/2019 11:13,30.33823898,78.05818474,17,653,,7.28,240,20,32,,
835,T,3/8/2019 11:13,30.3382095,78.05812271,17,653,,7.4,239,20,32,,
836,T,3/8/2019 11:13,30.33816903,78.05804966,17,652,,8.25,239,20,32,,
837,T,3/8/2019 11:13,30.33812089,78.05796202,17,652,,9.08,237,19,31,,
838,T,3/8/2019 11:13,30.33807131,78.05787405,18,652,,10.03,237,19,32,,
839,T,3/8/2019 11:13,30.33802413,78.05778936,20,652,,10.69,237,19,32,,
840,T,3/8/2019 11:13,30.33797287,78.05770136,20,652,,11.07,237,18,32,,
841,T,3/8/2019 11:13,30.33792178,78.05761301,18,651,,10.9,237,18,32,,
842,T,3/8/2019 11:13,30.33786649,78.05751608,18,651,,10.77,235,19,32,,
843,T,3/8/2019 11:13,30.33781221,78.05742911,18,651,,10.81,233,19,31,,
844,T,3/8/2019 11:13,30.33774856,78.05733506,18,651,,10.71,232,19,31,,
845,T,3/8/2019 11:13,30.3376848,78.05723536,18,651,,10.55,232,20,31,,
846,T,3/8/2019 11:13,30.3376142,78.05713775,17,652,,10.73,230,20,31,,
847,T,3/8/2019 11:13,30.3375413,78.05705389,18,651,,11.23,228,20,31,,
848,T,3/8/2019 11:13,30.33746843,78.05697285,18,650,,11.52,227,20,31,,
849,T,3/8/2019 11:13,30.33739846,78.05688634,18,650,,11.75,226,20,31,,
850,T,3/8/2019 11:13,30.33732981,78.05679238,18,650,,11.76,226,20,31,,
851,T,3/8/2019 11:13,30.33724968,78.05669878,18,649,,11.65,226,20,31,,
852,T,3/8/2019 11:13,30.3371786,78.05661326,17,649,,11.36,226,20,31,,
853,T,3/8/2019 11:13,30.33710374,78.05652449,17,648,,11.13,225,20,31,,
854,T,3/8/2019 11:13,30.33703371,78.05644211,17,648,,10.63,226,20,31,,
855,T,3/8/2019 11:13,30.33697751,78.05637012,17,647,,9.71,226,20,31,,
856,T,3/8/2019 11:13,30.33691436,78.05629193,17,647,,8.66,227,20,31,,
857,T,3/8/2019 11:13,30.33687035,78.05623646,15,646,,6.78,230,20,31,,
858,T,3/8/2019 11:13,30.33683839,78.05619121,17,646,,5.62,231,20,31,,
859,T,3/8/2019 11:13,30.33681057,78.05614407,17,647,,4.24,232,19,31,,
860,T,3/8/2019 11:13,30.33679227,78.05611149,17,647,,2.77,233,19,31,,
861,T,3/8/2019 11:13,30.33678377,78.05609691,17,647,,1.34,234,19,31,,
862,T,3/8/2019 11:13,30.33677788,78.05607394,17,648,,0.58,234,19,31,,
863,T,3/8/2019 11:13,30.33677476,78.05606111,17,649,,0.99,234,19,31,,
864,T,3/8/2019 11:13,30.33676566,78.05604805,17,649,,1.21,236,19,31,,
865,T,3/8/2019 11:13,30.33676071,78.05603646,17,650,,0.16,237,19,31,,
866,T,3/8/2019 11:13,30.33675425,78.05602273,17,650,,0.52,237,19,31,,
867,T,3/8/2019 11:13,30.33674931,78.05600496,17,651,,1.57,238,20,31,,
868,T,3/8/2019 11:14,30.33673839,78.05598164,17,651,,2.99,238,19,31,,
869,T,3/8/2019 11:14,30.33672503,78.05595096,15,651,,3.77,238,19,31,,
870,T,3/8/2019 11:14,30.33670535,78.05591052,15,651,,4.75,237,21,31,,
871,T,3/8/2019 11:14,30.33667877,78.05586137,15,651,,5.38,236,22,31,,
872,T,3/8/2019 11:14,30.33665391,78.05581791,15,651,,5.18,236,22,31,,
873,T,3/8/2019 11:14,30.3366325,78.0557797,15,651,,4.4,236,22,31,,
874,T,3/8/2019 11:14,30.33661355,78.0557472,15,651,,5.16,236,22,31,,
875,T,3/8/2019 11:14,30.33658116,78.05569552,17,652,,6,235,22,31,,
876,T,3/8/2019 11:14,30.33655044,78.05564013,17,652,,6.11,235,22,31,,
877,T,3/8/2019 11:14,30.33651696,78.0555851,17,652,,6.09,235,22,31,,
878,T,3/8/2019 11:14,30.33648873,78.05553326,17,652,,5.87,234,22,31,,
879,T,3/8/2019 11:14,30.33645015,78.05548006,17,652,,5.78,233,22,31,,
880,T,3/8/2019 11:14,30.33640896,78.05542367,17,652,,5.66,233,22,31,,
881,T,3/8/2019 11:14,30.33637927,78.05537867,17,652,,5.05,233,21,31,,
882,T,3/8/2019 11:14,30.33634781,78.05533452,17,652,,4.96,232,21,31,,
883,T,3/8/2019 11:14,30.33631867,78.05529833,17,652,,5,231,21,31,,
884,T,3/8/2019 11:14,30.33628256,78.05525891,15,652,,5.63,223,21,31,,
885,T,3/8/2019 11:14,30.33624053,78.05522561,15,651,,6.27,214,21,31,,
886,T,3/8/2019 11:14,30.33618504,78.05519194,15,651,,6.92,206,21,31,,
887,T,3/8/2019 11:14,30.33612907,78.05516775,15,650,,6.81,205,22,31,,
888,T,3/8/2019 11:14,30.33607483,78.05513661,15,650,,6.71,207,22,31,,
889,T,3/8/2019 11:14,30.33602955,78.05510075,15,650,,6.41,214,21,31,,
890,T,3/8/2019 11:14,30.33598396,78.05506343,15,649,,6.75,219,21,31,,
891,T,3/8/2019 11:14,30.33593731,78.05500941,15,649,,7.25,223,21,31,,
892,T,3/8/2019 11:14,30.33588907,78.05494828,15,649,,7.9,224,20,31,,
893,T,3/8/2019 11:14,30.33583878,78.05488923,17,649,,7.97,226,20,31,,
894,T,3/8/2019 11:14,30.33578944,78.05483313,17,649,,7.91,227,21,31,,
895,T,3/8/2019 11:14,30.33574434,78.0547737,17,648,,8.03,228,20,31,,
896,T,3/8/2019 11:14,30.33569335,78.05470301,17,649,,8.32,228,19,31,,
897,T,3/8/2019 11:14,30.33564627,78.05464457,17,648,,8.27,228,19,31,,
898,T,3/8/2019 11:14,30.33560002,78.05457401,17,648,,8.27,229,19,31,,
899,T,3/8/2019 11:14,30.3355569,78.05452322,17,646,,7.59,231,19,31,,
900,T,3/8/2019 11:14,30.33552007,78.05445723,17,646,,7.16,237,18,31,,
901,T,3/8/2019 11:14,30.3354865,78.05439122,17,645,,7.18,243,20,31,,
902,T,3/8/2019 11:14,30.33546022,78.05432067,17,645,,7.12,245,20,31,,
903,T,3/8/2019 11:14,30.33543301,78.05425864,17,645,,6.87,243,20,31,,
904,T,3/8/2019 11:14,30.33540175,78.05419682,17,644,,6.49,237,21,31,,
905,T,3/8/2019 11:14,30.33536839,78.05414671,17,644,,5.02,230,21,31,,
906,T,3/8/2019 11:14,30.33533711,78.05410504,15,644,,4.18,225,21,31,,
907,T,3/8/2019 11:14,30.33530845,78.05406273,15,645,,3.51,224,21,31,,
908,T,3/8/2019 11:14,30.33529064,78.0540355,15,646,,2.4,228,21,31,,
909,T,3/8/2019 11:14,30.33528208,78.05401775,15,646,,1.18,232,21,31,,
910,T,3/8/2019 11:14,30.33527651,78.05400772,15,647,,0.74,234,21,31,,
911,T,3/8/2019 11:14,30.33527513,78.05400486,15,647,,0,,21,31,,
912,T,3/8/2019 11:14,30.33527601,78.05400586,15,647,,0.24,234,21,31,,
913,T,3/8/2019 11:14,30.33527472,78.05400078,15,647,,0.24,235,21,31,,
914,T,3/8/2019 11:14,30.33527478,78.05400016,17,648,,0.23,235,22,31,,
915,T,3/8/2019 11:14,30.33527642,78.05400112,15,648,,0.28,235,22,31,,
916,T,3/8/2019 11:14,30.33527761,78.05400135,17,648,,0.28,235,22,31,,
917,T,3/8/2019 11:14,30.33527541,78.0539966,17,649,,0,,22,31,,
918,T,3/8/2019 11:14,30.33527442,78.05399612,17,649,,0,,23,31,,
919,T,3/8/2019 11:14,30.33527392,78.05399644,17,649,,0,,23,31,,
920,T,3/8/2019 11:14,30.33527397,78.05399626,17,649,,0,,21,30,,
921,T,3/8/2019 11:14,30.33527266,78.05399673,17,649,,0,,20,31,,
922,T,3/8/2019 11:14,30.33527189,78.05399519,17,649,,0,,20,31,,
923,T,3/8/2019 11:14,30.33527252,78.05399289,17,649,,0,,20,31,,
924,T,3/8/2019 11:14,30.33527271,78.05399149,17,649,,0,,20,31,,
925,T,3/8/2019 11:14,30.33527233,78.05399239,17,649,,0,,20,31,,
926,T,3/8/2019 11:14,30.33527173,78.05399083,17,650,,0,,19,31,,
927,T,3/8/2019 11:14,30.33527166,78.05398982,17,650,,0,,18,31,,
928,T,3/8/2019 11:15,30.3352698,78.05398829,17,650,,0,,18,31,,
929,T,3/8/2019 11:15,30.33526967,78.0539877,15,650,,0,,18,31,,
930,T,3/8/2019 11:15,30.33526938,78.05398603,15,650,,0,,18,31,,
931,T,3/8/2019 11:15,30.33526819,78.05398271,15,651,,0,,18,31,,
932,T,3/8/2019 11:15,30.33526889,78.05398195,15,651,,0,,18,31,,
933,T,3/8/2019 11:15,30.33526813,78.05397906,15,651,,0,,19,31,,
934,T,3/8/2019 11:15,30.33526791,78.05397652,15,651,,0,,19,31,,
935,T,3/8/2019 11:15,30.33526777,78.05397684,15,651,,0,,20,31,,
936,T,3/8/2019 11:15,30.33526755,78.05397497,15,652,,0,,20,31,,
937,T,3/8/2019 11:15,30.33526607,78.05397437,15,652,,0,,20,31,,
938,T,3/8/2019 11:15,30.33526535,78.05397197,15,652,,0,,20,31,,
939,T,3/8/2019 11:15,30.33526453,78.05396914,15,652,,0,,20,31,,
940,T,3/8/2019 11:15,30.33526281,78.05396707,15,652,,0,,20,31,,
941,T,3/8/2019 11:15,30.33526198,78.05396727,15,653,,0,,20,31,,
942,T,3/8/2019 11:15,30.33526162,78.05396346,15,653,,0,,20,31,,
943,T,3/8/2019 11:15,30.33526127,78.05396325,15,653,,0,,20,31,,
944,T,3/8/2019 11:15,30.33526295,78.05396277,15,653,,0,,19,31,,
945,T,3/8/2019 11:15,30.33526146,78.05396132,15,653,,0,,18,30,,
946,T,3/8/2019 11:15,30.33526061,78.05395932,15,653,,0,,18,31,,
947,T,3/8/2019 11:15,30.33526054,78.05395449,15,654,,0,,18,31,,
948,T,3/8/2019 11:15,30.335261,78.05395269,15,654,,0,,18,31,,
949,T,3/8/2019 11:15,30.33526219,78.05395092,15,654,,0,,19,31,,
950,T,3/8/2019 11:15,30.33526031,78.05394936,15,654,,0.25,235,19,31,,
951,T,3/8/2019 11:15,30.33525771,78.05394332,15,654,,0.7,236,20,31,,
952,T,3/8/2019 11:15,30.33525127,78.0539342,15,654,,1.33,237,22,31,,
953,T,3/8/2019 11:15,30.33524131,78.05391543,15,654,,2.1,238,22,31,,
954,T,3/8/2019 11:15,30.33523129,78.05389653,15,654,,2.57,239,22,31,,
955,T,3/8/2019 11:15,30.33521368,78.05386379,15,655,,3.77,238,22,31,,
956,T,3/8/2019 11:15,30.33519055,78.05382439,15,655,,4.49,236,21,31,,
957,T,3/8/2019 11:15,30.33516454,78.05378215,15,655,,5.07,234,21,31,,
958,T,3/8/2019 11:15,30.33513751,78.05372656,15,655,,5.59,235,21,31,,
959,T,3/8/2019 11:15,30.33510943,78.05368046,15,655,,5.76,235,21,31,,
960,T,3/8/2019 11:15,30.33508029,78.05363222,15,655,,5.93,235,21,31,,
961,T,3/8/2019 11:15,30.33504369,78.05357563,15,654,,6.7,235,21,31,,
962,T,3/8/2019 11:15,30.33500633,78.05352112,15,654,,7.34,233,20,31,,
963,T,3/8/2019 11:15,30.33496272,78.05346235,15,653,,7.91,232,20,31,,
964,T,3/8/2019 11:15,30.33492786,78.05340991,15,652,,8.09,233,20,31,,
965,T,3/8/2019 11:15,30.33488208,78.05333788,17,652,,8.32,234,20,31,,
966,T,3/8/2019 11:15,30.33483869,78.05325745,17,652,,8.51,234,20,31,,
967,T,3/8/2019 11:15,30.33479772,78.05319287,17,651,,8.35,234,20,31,,
968,T,3/8/2019 11:15,30.33475631,78.05312117,17,651,,8.18,234,20,31,,
969,T,3/8/2019 11:15,30.33471842,78.0530627,18,650,,7.93,234,21,31,,
970,T,3/8/2019 11:15,30.33468025,78.05300318,18,650,,7.51,233,21,31,,
971,T,3/8/2019 11:15,30.3346439,78.0529456,18,649,,6.67,233,21,31,,
972,T,3/8/2019 11:15,30.33461473,78.05289983,18,649,,5.16,233,21,31,,
973,T,3/8/2019 11:15,30.33458617,78.05285358,18,649,,4.2,233,21,31,,
974,T,3/8/2019 11:15,30.33456554,78.05282304,18,648,,3.46,232,20,31,,
975,T,3/8/2019 11:15,30.33455055,78.05279889,18,648,,2.48,233,20,31,,
976,T,3/8/2019 11:15,30.33454005,78.05277874,18,648,,1.44,233,19,31,,
977,T,3/8/2019 11:15,30.33452902,78.0527598,18,649,,0.56,233,19,31,,
978,T,3/8/2019 11:15,30.33452664,78.05275069,18,649,,0.15,233,20,31,,
979,T,3/8/2019 11:15,30.33452513,78.05274438,18,650,,0,,19,31,,
980,T,3/8/2019 11:15,30.33452615,78.05274178,18,651,,0.24,234,19,31,,
981,T,3/8/2019 11:15,30.33452145,78.05273213,17,652,,0.17,234,20,31,,
982,T,3/8/2019 11:15,30.33452074,78.05272949,17,652,,0.18,234,20,31,,
983,T,3/8/2019 11:15,30.33452066,78.05272824,17,652,,0,,20,31,,
984,T,3/8/2019 11:15,30.33452374,78.05273353,17,652,,0,,20,31,,
985,T,3/8/2019 11:15,30.33452417,78.05273279,17,652,,0,,20,31,,
986,T,3/8/2019 11:15,30.33452389,78.05273202,17,652,,0,,20,31,,
987,T,3/8/2019 11:15,30.3345207,78.05272855,17,652,,0,,20,31,,
988,T,3/8/2019 11:16,30.33452132,78.05273028,17,652,,0,,20,31,,
989,T,3/8/2019 11:16,30.33452094,78.05272982,18,652,,0,,20,31,,
990,T,3/8/2019 11:16,30.33452048,78.05272977,18,652,,0,,19,31,,
991,T,3/8/2019 11:16,30.33452172,78.05272897,17,652,,0,,19,31,,
992,T,3/8/2019 11:16,30.33452092,78.05272723,17,652,,0,,19,31,,
993,T,3/8/2019 11:16,30.33452071,78.05272536,17,652,,0,,19,31,,
994,T,3/8/2019 11:16,30.33452235,78.05272844,17,652,,0,,19,31,,
995,T,3/8/2019 11:16,30.3345229,78.05272973,17,652,,0,,19,31,,
996,T,3/8/2019 11:16,30.33452172,78.05272985,17,651,,0,,19,31,,
997,T,3/8/2019 11:16,30.33451812,78.05272491,17,652,,0,,18,30,,
998,T,3/8/2019 11:16,30.33451773,78.05272317,15,652,,0,,18,31,,
999,T,3/8/2019 11:16,30.33451723,78.05272121,15,652,,0,,18,31,,
1000,T,3/8/2019 11:16,30.33451804,78.05272086,15,652,,0,,18,31,,
1001,T,3/8/2019 11:16,30.33451683,78.05271743,15,653,,0,,18,31,,
1002,T,3/8/2019 11:16,30.33451652,78.05271552,15,653,,0,,18,31,,
1003,T,3/8/2019 11:16,30.33451709,78.05271614,15,653,,0,,18,31,,
1004,T,3/8/2019 11:16,30.3345162,78.05271484,15,653,,0,,19,31,,
1005,T,3/8/2019 11:16,30.33451552,78.05271499,15,653,,0,,19,31,,
1006,T,3/8/2019 11:16,30.33451372,78.05271111,15,654,,0,,19,31,,
1007,T,3/8/2019 11:16,30.33451575,78.05271341,15,654,,0,,19,31,,
1008,T,3/8/2019 11:16,30.33451691,78.05271717,14,653,,0.17,252,19,31,,
1009,T,3/8/2019 11:16,30.33451568,78.05271545,14,652,,0,,20,31,,
1010,T,3/8/2019 11:16,30.33451393,78.05271679,15,650,,0.16,251,20,31,,
1011,T,3/8/2019 11:16,30.3345165,78.0527194,15,649,,0,,20,31,,
1012,T,3/8/2019 11:16,30.33451655,78.05271689,15,648,,0,,20,31,,
1013,T,3/8/2019 11:16,30.33451728,78.05271601,17,647,,0,,20,31,,
1014,T,3/8/2019 11:16,30.33451761,78.05271193,17,646,,0,,20,31,,
1015,T,3/8/2019 11:16,30.33451637,78.05270947,17,644,,0,,20,31,,
1016,T,3/8/2019 11:16,30.33451393,78.05269882,18,644,,0.19,258,20,31,,
1017,T,3/8/2019 11:16,30.33451643,78.05270469,18,643,,0.16,258,20,31,,
1018,T,3/8/2019 11:16,30.33451621,78.05270034,18,641,,0.17,258,20,31,,
1019,T,3/8/2019 11:16,30.33451675,78.05269826,18,641,,0.18,258,20,31,,
1020,T,3/8/2019 11:16,30.33451855,78.0526934,18,642,,0.32,258,20,31,,
1021,T,3/8/2019 11:16,30.3345231,78.0526924,18,642,,0.44,258,20,31,,
1022,T,3/8/2019 11:16,30.33452535,78.05268754,18,641,,0.51,258,20,31,,
1023,T,3/8/2019 11:16,30.33453003,78.05268781,18,641,,0.58,258,20,31,,
1024,T,3/8/2019 11:16,30.334534,78.05268637,18,640,,0.59,258,19,31,,
1025,T,3/8/2019 11:16,30.33453768,78.05268538,18,640,,0.57,258,19,31,,
1026,T,3/8/2019 11:16,30.33452232,78.05269187,18,645,,0,,18,31,,
1027,T,3/8/2019 11:16,30.33451783,78.05269119,20,647,,0,,18,31,,
1028,T,3/8/2019 11:16,30.33451663,78.05269049,20,647,,0,,17,31,,
1029,T,3/8/2019 11:16,30.33451362,78.05268804,20,647,,0,,16,30,,
1030,T,3/8/2019 11:16,30.33451266,78.05268547,20,647,,0,,16,31,,
1031,T,3/8/2019 11:16,30.33451194,78.05268632,20,647,,0,,16,31,,
1032,T,3/8/2019 11:16,30.33451277,78.05268717,18,647,,0,,15,31,,
1033,T,3/8/2019 11:16,30.33451208,78.05268634,20,647,,0,,15,31,,
1034,T,3/8/2019 11:16,30.33451227,78.05268729,18,647,,0,,15,31,,
1035,T,3/8/2019 11:16,30.33451269,78.05268776,20,647,,0,,15,31,,
1036,T,3/8/2019 11:16,30.33451128,78.05268501,20,647,,0.47,258,16,31,,
1037,T,3/8/2019 11:16,30.33450761,78.05267098,18,647,,1.26,258,16,31,,
1038,T,3/8/2019 11:16,30.33450267,78.05265017,20,648,,2.19,258,16,31,,
1039,T,3/8/2019 11:16,30.3344984,78.05262889,18,648,,2.33,258,16,31,,
1040,T,3/8/2019 11:16,30.33449254,78.05260156,18,648,,2.75,257,16,31,,
1041,T,3/8/2019 11:16,30.33448593,78.05257207,20,648,,3.06,256,16,31,,
1042,T,3/8/2019 11:16,30.33447714,78.05254015,18,649,,2.9,253,16,31,,
1043,T,3/8/2019 11:16,30.3344652,78.05250271,18,649,,3.22,251,15,31,,
1044,T,3/8/2019 11:16,30.33445176,78.05247237,17,649,,3.81,251,15,31,,
1045,T,3/8/2019 11:16,30.33443791,78.05245707,17,648,,3.7,250,15,31,,
1046,T,3/8/2019 11:16,30.33442769,78.05242645,17,648,,3.68,250,15,31,,
1047,T,3/8/2019 11:16,30.33441936,78.05240588,17,648,,3.63,250,15,31,,
1048,T,3/8/2019 11:17,30.3344061,78.05236329,18,648,,4.06,250,15,31,,
1049,T,3/8/2019 11:17,30.33439184,78.05231435,18,648,,4.2,252,15,31,,
1050,T,3/8/2019 11:17,30.33437996,78.05227338,18,648,,4.08,252,15,31,,
1051,T,3/8/2019 11:17,30.33436874,78.05221172,20,648,,4.27,253,15,31,,
1052,T,3/8/2019 11:17,30.33435538,78.05216603,20,648,,4.15,253,15,31,,
1053,T,3/8/2019 11:17,30.33434437,78.05211859,20,649,,4.02,253,15,31,,
1054,T,3/8/2019 11:17,30.33433681,78.05210051,21,649,,4.1,252,15,31,,
1055,T,3/8/2019 11:17,30.33433264,78.0520966,21,649,,4.05,251,15,31,,
1056,T,3/8/2019 11:17,30.33431429,78.05204301,21,649,,4.51,250,15,31,,
1057,T,3/8/2019 11:17,30.33428747,78.05197625,21,649,,5,248,15,31,,
1058,T,3/8/2019 11:17,30.3342696,78.051943,23,649,,4.85,248,15,31,,
1059,T,3/8/2019 11:17,30.33424549,78.05189756,21,649,,4.73,247,15,31,,
1060,T,3/8/2019 11:17,30.3342326,78.05187357,23,650,,4.34,247,15,31,,
1061,T,3/8/2019 11:17,30.33420889,78.05181222,23,650,,4.62,248,13,31,,
1062,T,3/8/2019 11:17,30.33417755,78.051743,23,650,,5.18,247,13,31,,
1063,T,3/8/2019 11:17,30.33412299,78.05164685,50,649,,5.81,246,12,30,,
1064,T,3/8/2019 11:17,30.33407048,78.05157849,56,650,,5.88,244,12,30,,
1065,T,3/8/2019 11:17,30.33401333,78.05151098,64,650,,5.86,243,12,31,,
1066,T,3/8/2019 11:17,30.33398743,78.05148345,70,651,,5.61,243,12,31,,
1067,T,3/8/2019 11:17,30.3339135,78.05139273,74,652,,6.28,242,12,31,,
1068,T,3/8/2019 11:17,30.33385038,78.05132277,80,651,,6.3,241,12,31,,
1069,T,3/8/2019 11:17,30.33380805,78.0512419,79,651,,6.32,241,12,31,,
1070,T,3/8/2019 11:17,30.33377877,78.05120799,82,652,,5.44,241,12,31,,
1071,T,3/8/2019 11:17,30.33375396,78.05114003,80,652,,4.76,240,12,31,,
1072,T,3/8/2019 11:17,30.33373783,78.05108601,83,651,,3.54,240,12,31,,
1073,T,3/8/2019 11:17,30.33370649,78.05103126,82,651,,2.31,240,10,30,,
1074,T,3/8/2019 11:17,30.33367537,78.0509831,79,649,,1.02,238,11,31,,
1075,T,3/8/2019 11:17,30.33365933,78.05098766,79,649,,0,,11,31,,
1076,T,3/8/2019 11:17,30.33366812,78.05097731,82,649,,0.51,238,11,31,,
1077,T,3/8/2019 11:17,30.33366822,78.0509659,85,650,,1.45,238,11,31,,
1078,T,3/8/2019 11:17,30.33361498,78.05094173,83,648,,2.81,237,11,31,,
1079,T,3/8/2019 11:17,30.33362501,78.05093662,88,649,,3.46,239,10,31,,
1080,T,3/8/2019 11:17,30.3336316,78.05100546,106,649,,2.67,241,10,31,,
1081,T,3/8/2019 11:17,30.33362866,78.0510375,137,650,,0.96,245,10,31,,
1082,T,3/8/2019 11:17,30.33357356,78.05099689,155,650,,0.42,247,10,31,,
1083,T,3/8/2019 11:17,30.33359839,78.05100114,164,650,,0.63,248,10,31,,
1084,T,3/8/2019 11:17,30.33357586,78.05096802,168,651,,0.27,249,10,30,,
1085,T,3/8/2019 11:17,30.33357277,78.05093227,164,651,,0.32,247,10,31,,
1086,T,3/8/2019 11:17,30.33358574,78.05091422,162,652,,0.7,245,10,31,,
1087,T,3/8/2019 11:17,30.33343807,78.05072847,173,652,,1.99,246,10,31,,
1088,T,3/8/2019 11:17,30.33345044,78.05070376,179,653,,2.1,248,10,31,,
1089,T,3/8/2019 11:17,30.33347841,78.0506645,177,653,,2.27,251,9,30,,
1090,T,3/8/2019 11:17,30.33346919,78.05052899,171,654,,3.19,253,9,31,,
1091,T,3/8/2019 11:17,30.33343579,78.05029987,164,655,,4.98,257,9,31,,
1092,T,3/8/2019 11:17,30.33337429,78.05006848,173,657,,6.41,259,9,31,,
1093,T,3/8/2019 11:17,30.33338125,78.05002782,179,657,,6.34,259,9,31,,
1094,T,3/8/2019 11:17,30.33326967,78.0500086,185,656,,6.44,259,9,31,,
1095,T,3/8/2019 11:17,30.33320857,78.05005652,187,657,,5.8,259,9,31,,
1096,T,3/8/2019 11:17,30.33321337,78.05003723,188,660,,6.25,259,9,31,,
1097,T,3/8/2019 11:17,30.33324939,78.04996583,187,661,,6.82,258,9,31,,
1098,T,3/8/2019 11:17,30.3332521,78.04994759,182,661,,6.73,258,8,31,,
1099,T,3/8/2019 11:17,30.33326211,78.04993554,187,661,,6.56,259,8,31,,
1100,T,3/8/2019 11:17,30.33323729,78.04992905,190,663,,5.71,260,8,31,,
1101,T,3/8/2019 11:17,30.33329009,78.04987732,190,664,,5.85,261,9,31,,
1102,T,3/8/2019 11:17,30.33327363,78.04986483,196,665,,5.43,262,9,31,,
1103,T,3/8/2019 11:17,30.33323845,78.04984362,199,666,,5.1,262,9,31,,
1104,T,3/8/2019 11:17,30.33326124,78.0498386,197,665,,4.63,261,9,31,,
1105,T,3/8/2019 11:17,30.33318721,78.04980301,199,665,,4.57,261,9,31,,
1106,T,3/8/2019 11:17,30.33314404,78.04978152,202,665,,4.45,261,9,31,,
1107,T,3/8/2019 11:17,30.33305216,78.04981238,200,663,,3.48,260,9,31,,
1108,T,3/8/2019 11:18,30.33285817,78.04980744,208,660,,2.25,260,9,31,,
1109,T,3/8/2019 11:18,30.33285202,78.04975911,214,661,,2.27,259,8,31,,
1110,T,3/8/2019 11:18,30.33280952,78.04970899,218,660,,2.18,259,9,31,,
1111,T,3/8/2019 11:18,30.33276812,78.04966961,220,661,,1.55,259,9,31,,
1112,T,3/8/2019 11:18,30.33267369,78.0496352,232,659,,1.09,259,9,31,,
1113,T,3/8/2019 11:18,30.33234481,78.04956716,269,656,,1.28,259,9,31,,
1114,T,3/8/2019 11:18,30.33211498,78.04945958,273,656,,1.74,259,9,31,,
1115,T,3/8/2019 11:18,30.33216865,78.04945998,279,657,,1.3,259,9,31,,
1116,T,3/8/2019 11:18,30.331977,78.04935785,27,655,,6.38,223,9,31,,
1117,T,3/8/2019 11:18,30.33181103,78.04924154,29,654,,6.35,223,9,31,,
1118,T,3/8/2019 11:18,30.33167997,78.04913286,32,654,,6.82,227,9,31,,
1119,T,3/8/2019 11:18,30.33163786,78.04908123,35,655,,6.82,227,9,31,,
1120,T,3/8/2019 11:18,30.33161809,78.04905599,38,655,,5.42,227,9,31,,
1121,T,3/8/2019 11:18,30.33163063,78.04906364,41,655,,4.06,277,9,31,,
1122,T,3/8/2019 11:18,30.33165103,78.04908629,44,655,,2.9,277,9,31,,
1123,T,3/8/2019 11:18,30.33164861,78.04909396,50,656,,2.53,277,9,31,,
1124,T,3/8/2019 11:18,30.33164926,78.04910397,55,656,,2.27,278,9,31,,
1125,T,3/8/2019 11:18,30.33162876,78.04908429,55,656,,2.27,278,9,31,,
1126,T,3/8/2019 11:18,30.33162512,78.0490775,50,655,,2.15,278,9,31,,
1127,T,3/8/2019 11:18,30.33164747,78.04906845,46,655,,1.52,279,9,31,,
1128,T,3/8/2019 11:18,30.33165375,78.04905258,47,655,,1.62,279,9,31,,
1129,T,3/8/2019 11:18,30.33165522,78.04903708,50,655,,1.62,280,9,31,,
1130,T,3/8/2019 11:18,30.33163429,78.04900243,55,655,,2.51,281,8,30,,
1131,T,3/8/2019 11:18,30.33159446,78.0489515,58,654,,2.9,282,8,30,,
1132,T,3/8/2019 11:18,30.33157528,78.04893272,55,654,,2.68,283,8,30,,
1133,T,3/8/2019 11:18,30.33159304,78.04921511,59,653,,2.88,283,8,30,,
1134,T,3/8/2019 11:18,30.33160811,78.04927558,64,652,,3.29,283,8,30,,
1135,T,3/8/2019 11:18,30.33164261,78.04923959,58,651,,3.46,283,9,30,,
1136,T,3/8/2019 11:18,30.33162788,78.04924156,46,652,,3.93,283,9,30,,
1137,T,3/8/2019 11:18,30.3316162,78.04921623,36,651,,4.43,283,9,30,,
1138,T,3/8/2019 11:18,30.33162439,78.04915284,30,650,,5.1,283,10,30,,
1139,T,3/8/2019 11:18,30.33162177,78.04909376,27,649,,5.1,283,10,30,,
1140,T,3/8/2019 11:18,30.33154629,78.0490192,26,650,,5.58,232,10,30,,
1141,T,3/8/2019 11:18,30.33146655,78.04899345,24,650,,6.27,223,10,30,,
1142,T,3/8/2019 11:18,30.33142915,78.048934,24,650,,6.65,219,10,30,,
1143,T,3/8/2019 11:18,30.33141786,78.04886897,24,650,,6.11,226,10,30,,
1144,T,3/8/2019 11:18,30.33138826,78.04878903,26,651,,6.04,227,10,30,,
1145,T,3/8/2019 11:18,30.3313537,78.04874283,27,651,,5.98,227,10,30,,
1146,T,3/8/2019 11:18,30.33129972,78.04867355,29,651,,6.03,227,10,30,,
1147,T,3/8/2019 11:18,30.33129878,78.04870326,27,651,,5.27,226,10,30,,
1148,T,3/8/2019 11:18,30.33126766,78.04866173,30,651,,5.31,226,10,30,,
1149,T,3/8/2019 11:18,30.33123732,78.04860904,32,651,,5.22,227,11,30,,
1150,T,3/8/2019 11:18,30.33118602,78.04856938,32,650,,6.09,224,11,30,,
1151,T,3/8/2019 11:18,30.3311888,78.04853717,29,651,,5.05,241,11,30,,
1152,T,3/8/2019 11:18,30.33115935,78.04849153,30,650,,4.79,235,11,30,,
1153,T,3/8/2019 11:18,30.33113236,78.04838364,35,650,,5.19,231,11,30,,
1154,T,3/8/2019 11:18,30.3310991,78.04833109,36,649,,5.13,230,11,30,,
1155,T,3/8/2019 11:18,30.33107204,78.04829867,33,649,,5.17,228,10,30,,
1156,T,3/8/2019 11:18,30.3310274,78.04827035,33,649,,5.2,228,10,30,,
1157,T,3/8/2019 11:18,30.33099069,78.04823397,36,649,,5.26,229,10,30,,
1158,T,3/8/2019 11:18,30.33090914,78.04814069,32,649,,6.54,227,11,30,,
1159,T,3/8/2019 11:18,30.33090274,78.04808804,29,649,,6.77,226,11,30,,
1160,T,3/8/2019 11:18,30.3308452,78.04803597,29,649,,7.02,227,11,30,,
1161,T,3/8/2019 11:18,30.33072394,78.04793252,29,650,,7.6,218,11,30,,
1162,T,3/8/2019 11:18,30.33064847,78.04787488,30,650,,7.74,217,12,30,,
1163,T,3/8/2019 11:18,30.33059024,78.04783419,30,650,,8.32,218,12,30,,
1164,T,3/8/2019 11:18,30.33058516,78.0477524,29,650,,8.01,216,12,30,,
1165,T,3/8/2019 11:18,30.33045218,78.04761465,26,651,,8.46,217,11,29,,
1166,T,3/8/2019 11:18,30.33034528,78.04753097,26,651,,8.62,216,11,30,,
1167,T,3/8/2019 11:18,30.33024457,78.04744437,23,651,,7.26,217,11,30,,
1168,T,3/8/2019 11:19,30.33015734,78.04736281,21,651,,6.93,216,11,30,,
1169,T,3/8/2019 11:19,30.33009599,78.04731255,23,651,,6.73,215,10,29,,
1170,T,3/8/2019 11:19,30.33003705,78.04723679,21,652,,6.76,214,10,30,,
1171,T,3/8/2019 11:19,30.32999093,78.04720633,23,654,,6.25,213,10,30,,
1172,T,3/8/2019 11:19,30.32992548,78.04715634,23,654,,6.77,212,10,30,,
1173,T,3/8/2019 11:19,30.32988325,78.04713157,21,655,,6.51,210,9,29,,
1174,T,3/8/2019 11:19,30.32980598,78.04710636,21,656,,6.5,205,9,30,,
1175,T,3/8/2019 11:19,30.32975814,78.04706564,20,657,,6.39,204,10,30,,
1176,T,3/8/2019 11:19,30.32971258,78.04705855,20,657,,5.93,202,10,30,,
1177,T,3/8/2019 11:19,30.32966675,78.04703184,18,658,,5.13,202,10,30,,
1178,T,3/8/2019 11:19,30.32965014,78.0469925,18,656,,4.17,203,10,30,,
1179,T,3/8/2019 11:19,30.32961397,78.04696891,20,655,,3.76,202,10,30,,
1180,T,3/8/2019 11:19,30.32957923,78.04694814,20,655,,3.51,202,12,30,,
1181,T,3/8/2019 11:19,30.32956134,78.04696907,18,655,,1.84,200,12,30,,
1182,T,3/8/2019 11:19,30.32957032,78.04695964,18,658,,0.49,200,12,30,,
1183,T,3/8/2019 11:19,30.32961496,78.04697892,20,657,,0.74,200,12,30,,
1184,T,3/8/2019 11:19,30.32962963,78.04697872,20,657,,0.68,199,12,30,,
1185,T,3/8/2019 11:19,30.32960898,78.04702759,20,654,,0.27,198,12,30,,
1186,T,3/8/2019 11:19,30.32962246,78.04702272,18,654,,0.51,198,12,30,,
1187,T,3/8/2019 11:19,30.32960773,78.0470281,18,654,,0.34,197,12,30,,
1188,T,3/8/2019 11:19,30.32961069,78.04703002,18,653,,0.53,196,12,30,,
1189,T,3/8/2019 11:19,30.32961779,78.04704257,18,652,,0.47,196,12,30,,
1190,T,3/8/2019 11:19,30.32962004,78.04704208,18,653,,0.68,195,12,30,,
1191,T,3/8/2019 11:19,30.32961789,78.04704657,18,653,,0.78,195,12,30,,
1192,T,3/8/2019 11:19,30.32962155,78.04705096,20,652,,0.28,194,12,30,,
1193,T,3/8/2019 11:19,30.32961863,78.0470568,20,654,,0.57,193,12,30,,
1194,T,3/8/2019 11:19,30.32961241,78.0470611,20,654,,0.66,193,12,30,,
1195,T,3/8/2019 11:19,30.32960814,78.04706475,21,653,,0.42,192,12,30,,
1196,T,3/8/2019 11:19,30.32959592,78.04706433,21,653,,1.03,192,11,30,,
1197,T,3/8/2019 11:19,30.32958296,78.0470617,21,652,,1.17,192,11,30,,
1198,T,3/8/2019 11:19,30.32956222,78.04705326,21,652,,2.02,192,11,30,,
1199,T,3/8/2019 11:19,30.32954188,78.04705029,21,651,,2,190,11,30,,
1200,T,3/8/2019 11:19,30.32951107,78.04704489,20,651,,2.82,189,11,30,,
1201,T,3/8/2019 11:19,30.32947872,78.0470397,20,651,,2.99,188,11,30,,
1202,T,3/8/2019 11:19,30.32945028,78.04703574,21,650,,2.86,187,12,30,,
1203,T,3/8/2019 11:19,30.3294098,78.04702747,21,650,,3.52,188,12,30,,
1204,T,3/8/2019 11:19,30.32937586,78.04700948,21,651,,3.42,191,12,30,,
1205,T,3/8/2019 11:19,30.32935148,78.04699588,20,651,,2.98,191,12,30,,
1206,T,3/8/2019 11:19,30.32932776,78.0469716,20,652,,2.85,194,12,30,,
1207,T,3/8/2019 11:19,30.32930208,78.04694974,18,652,,2.94,195,12,30,,
1208,T,3/8/2019 11:19,30.32932643,78.04693838,18,651,,2.08,196,12,30,,
1209,T,3/8/2019 11:19,30.32933069,78.04692042,20,651,,1.13,197,12,30,,
1210,T,3/8/2019 11:19,30.32931473,78.04691423,20,649,,1.39,196,12,30,,
1211,T,3/8/2019 11:19,30.3292937,78.04690792,20,649,,1.37,196,12,30,,
1212,T,3/8/2019 11:19,30.3292756,78.04689857,20,647,,0.7,196,12,30,,
1213,T,3/8/2019 11:19,30.32925928,78.04689002,20,647,,0.81,196,12,30,,
1214,T,3/8/2019 11:19,30.32923807,78.04688098,20,646,,1.38,196,12,30,,
1215,T,3/8/2019 11:19,30.3292205,78.0468699,21,646,,0.97,197,12,30,,
1216,T,3/8/2019 11:19,30.32921009,78.04685911,21,646,,0.77,197,12,30,,
1217,T,3/8/2019 11:19,30.32920401,78.04684679,20,645,,0.96,198,12,30,,
1218,T,3/8/2019 11:19,30.32920302,78.04683608,20,645,,0.62,198,12,30,,
1219,T,3/8/2019 11:19,30.32920209,78.04683338,20,646,,0.32,197,12,30,,
1220,T,3/8/2019 11:19,30.32921757,78.04682869,20,646,,0.21,198,12,30,,
1221,T,3/8/2019 11:19,30.3292251,78.04682037,20,645,,0.33,199,12,30,,
1222,T,3/8/2019 11:19,30.32921884,78.04680802,20,644,,1.6,198,11,30,,
1223,T,3/8/2019 11:19,30.32920908,78.04678953,21,644,,1.81,197,11,30,,
1224,T,3/8/2019 11:19,30.32920223,78.04678715,21,643,,1.59,190,11,30,,
1225,T,3/8/2019 11:19,30.32919385,78.04679212,21,644,,1.59,183,11,30,,
1226,T,3/8/2019 11:19,30.32918261,78.04679481,21,644,,1.82,174,11,30,,
1227,T,3/8/2019 11:19,30.32916812,78.04679552,21,643,,1.75,162,11,30,,
1228,T,3/8/2019 11:20,30.3291552,78.04679695,21,643,,1.28,152,11,30,,
1229,T,3/8/2019 11:20,30.32913451,78.04680617,23,644,,1.57,145,10,30,,
1230,T,3/8/2019 11:20,30.3291195,78.04681733,23,644,,1.46,137,10,30,,
1231,T,3/8/2019 11:20,30.32911212,78.04683416,23,644,,1.38,130,10,30,,
1232,T,3/8/2019 11:20,30.32910411,78.04684155,26,644,,1.2,126,11,30,,
1233,T,3/8/2019 11:20,30.3290973,78.04684876,27,644,,1.11,123,11,30,,
1234,T,3/8/2019 11:20,30.32908729,78.04685986,29,644,,1.61,122,11,30,,
1235,T,3/8/2019 11:20,30.32907556,78.04687492,29,644,,1.71,121,13,30,,
1236,T,3/8/2019 11:20,30.32905802,78.0469009,27,644,,2.35,121,14,30,,
1237,T,3/8/2019 11:20,30.32902201,78.04695805,24,643,,3.66,121,14,30,,
1238,T,3/8/2019 11:20,30.32898604,78.04701386,26,646,,3.64,122,14,30,,
1239,T,3/8/2019 11:20,30.32894402,78.04707982,27,645,,4.46,122,14,30,,
1240,T,3/8/2019 11:20,30.32885062,78.04719991,29,644,,5.42,123,14,30,,
1241,T,3/8/2019 11:20,30.32881214,78.0472758,29,644,,6.17,123,14,30,,
1242,T,3/8/2019 11:20,30.32875281,78.04735742,26,642,,6.08,123,14,30,,
1243,T,3/8/2019 11:20,30.32868765,78.04739727,24,641,,6.14,128,14,30,,
1244,T,3/8/2019 11:20,30.32865823,78.04745577,24,641,,5.66,128,14,30,,
1245,T,3/8/2019 11:20,30.32862431,78.04749391,24,641,,5.4,128,14,30,,
1246,T,3/8/2019 11:20,30.32856222,78.04752112,23,640,,6.11,130,14,30,,
1247,T,3/8/2019 11:20,30.32846035,78.04753872,21,639,,5.67,133,14,30,,
1248,T,3/8/2019 11:20,30.32841392,78.04763271,21,639,,6.9,131,13,29,,
1249,T,3/8/2019 11:20,30.32837469,78.04772247,21,639,,7.51,130,12,29,,
1250,T,3/8/2019 11:20,30.32833026,78.04779169,21,639,,7.87,130,12,30,,
1251,T,3/8/2019 11:20,30.32827768,78.04788632,21,639,,8.98,129,12,30,,
1252,T,3/8/2019 11:20,30.32825,78.04790987,21,640,,8.77,129,12,30,,
1253,T,3/8/2019 11:20,30.32820404,78.04798522,21,640,,8.16,130,12,30,,
1254,T,3/8/2019 11:20,30.32814753,78.04805602,23,639,,7.89,130,11,30,,
1255,T,3/8/2019 11:20,30.32811816,78.04813537,23,645,,7.66,129,11,30,,
1256,T,3/8/2019 11:20,30.32808296,78.04816563,24,644,,7.07,129,11,30,,
1257,T,3/8/2019 11:20,30.32804788,78.0482181,27,643,,6.89,128,11,30,,
1258,T,3/8/2019 11:20,30.32806715,78.04827987,29,643,,5.96,125,11,30,,
1259,T,3/8/2019 11:20,30.32806039,78.04831048,30,643,,4.86,128,11,30,,
1260,T,3/8/2019 11:20,30.32808132,78.04836316,35,643,,4.54,132,11,30,,
1261,T,3/8/2019 11:20,30.32805692,78.04838723,36,643,,3.93,143,10,30,,
1262,T,3/8/2019 11:20,30.32803618,78.04843222,36,642,,3.78,150,10,30,,
1263,T,3/8/2019 11:20,30.32803294,78.04851209,35,642,,3.32,160,10,30,,
1264,T,3/8/2019 11:20,30.32800763,78.04854084,30,642,,3.17,168,10,30,,
1265,T,3/8/2019 11:20,30.32798602,78.04854979,30,643,,2.88,175,11,30,,
1266,T,3/8/2019 11:20,30.32797794,78.04854744,30,643,,2.31,185,11,30,,
1267,T,3/8/2019 11:20,30.32794408,78.04852585,29,642,,2.65,195,11,30,,
1268,T,3/8/2019 11:20,30.32790493,78.04850258,27,641,,2.92,206,10,29,,
1269,T,3/8/2019 11:20,30.32787829,78.04846614,24,641,,2.62,215,11,30,,
1270,T,3/8/2019 11:20,30.32784723,78.04843185,24,640,,2.84,217,11,30,,
1271,T,3/8/2019 11:20,30.3278189,78.04840151,24,640,,3.12,215,11,30,,
1272,T,3/8/2019 11:20,30.32778455,78.04836286,24,640,,3.74,215,11,30,,
1273,T,3/8/2019 11:20,30.32775035,78.04832734,26,639,,3.8,215,11,30,,
1274,T,3/8/2019 11:20,30.32772475,78.04829502,20,639,,4.31,213,11,30,,
1275,T,3/8/2019 11:20,30.32768915,78.04826067,20,638,,4.86,213,12,30,,
1276,T,3/8/2019 11:20,30.32764667,78.04823034,18,638,,4.73,213,12,30,,
1277,T,3/8/2019 11:20,30.32758844,78.04818603,18,638,,5.35,213,13,30,,
1278,T,3/8/2019 11:20,30.32754826,78.04811391,17,636,,5.27,213,13,30,,
1279,T,3/8/2019 11:20,30.32748974,78.04806361,17,637,,5.95,212,14,30,,
1280,T,3/8/2019 11:20,30.32744517,78.04803189,17,637,,5.31,212,14,30,,
1281,T,3/8/2019 11:20,30.3273791,78.04797084,17,636,,5.12,214,14,30,,
1282,T,3/8/2019 11:20,30.32731772,78.04793071,18,636,,5.26,215,14,30,,
1283,T,3/8/2019 11:20,30.32728288,78.04787563,18,635,,4.57,216,14,30,,
1284,T,3/8/2019 11:20,30.32725187,78.04783869,18,636,,4.91,215,14,30,,
1285,T,3/8/2019 11:20,30.32721104,78.04779166,18,635,,5.37,216,14,30,,
1286,T,3/8/2019 11:20,30.32718258,78.04777733,18,635,,4.53,212,14,30,,
1287,T,3/8/2019 11:20,30.32714513,78.0477428,18,634,,4.47,210,13,30,,
1288,T,3/8/2019 11:21,30.32712139,78.04772093,18,634,,3.97,205,13,30,,
1289,T,3/8/2019 11:21,30.32709507,78.04770841,18,633,,3.74,195,13,30,,
1290,T,3/8/2019 11:21,30.32706399,78.04769856,18,633,,3.6,189,13,30,,
1291,T,3/8/2019 11:21,30.32704691,78.0476981,18,634,,3.12,183,14,30,,
1292,T,3/8/2019 11:21,30.32701853,78.04770355,18,634,,3.06,177,14,30,,
1293,T,3/8/2019 11:21,30.32698164,78.04771002,18,635,,3.32,174,14,30,,
1294,T,3/8/2019 11:21,30.32697846,78.04770721,17,634,,1.89,173,14,30,,
1295,T,3/8/2019 11:21,30.3269848,78.0477063,17,634,,0.9,171,14,30,,
1296,T,3/8/2019 11:21,30.32697991,78.04770433,17,634,,1.05,170,14,30,,
1297,T,3/8/2019 11:21,30.32697537,78.04770239,18,634,,0.91,169,14,30,,
1298,T,3/8/2019 11:21,30.32697469,78.04769873,18,632,,0.61,168,14,30,,
1299,T,3/8/2019 11:21,30.32696151,78.04769836,18,632,,0.81,166,14,30,,
1300,T,3/8/2019 11:21,30.32695715,78.04769461,17,632,,0.35,162,14,30,,
1301,T,3/8/2019 11:21,30.32695583,78.04769451,17,631,,0.3,159,13,29,,
1302,T,3/8/2019 11:21,30.32695476,78.04769204,18,631,,0.46,156,13,30,,
1303,T,3/8/2019 11:21,30.32695349,78.0476894,18,631,,0.45,151,12,30,,
1304,T,3/8/2019 11:21,30.32695671,78.04768607,18,631,,0,,11,29,,
1305,T,3/8/2019 11:21,30.32694708,78.0477104,17,630,,1.13,138,12,30,,
1306,T,3/8/2019 11:21,30.32694869,78.04774561,18,631,,1.04,132,13,30,,
1307,T,3/8/2019 11:21,30.32694233,78.04777347,20,630,,1.28,133,14,30,,
1308,T,3/8/2019 11:21,30.32693444,78.04779602,20,630,,1.36,136,14,30,,
1309,T,3/8/2019 11:21,30.32691667,78.04781622,20,631,,1.89,139,16,30,,
1310,T,3/8/2019 11:21,30.32688453,78.04784124,20,632,,2.53,142,15,30,,
1311,T,3/8/2019 11:21,30.326852,78.04787308,18,632,,3.18,143,15,30,,
1312,T,3/8/2019 11:21,30.32681274,78.0479248,20,634,,3.77,143,15,30,,
1313,T,3/8/2019 11:21,30.32676298,78.04796758,20,635,,4.26,146,16,30,,
1314,T,3/8/2019 11:21,30.32671675,78.04801414,20,635,,4.34,144,16,30,,
1315,T,3/8/2019 11:21,30.32667868,78.04805579,21,635,,4.32,141,16,30,,
1316,T,3/8/2019 11:21,30.32664461,78.04809085,21,636,,4.26,140,16,30,,
1317,T,3/8/2019 11:21,30.32660902,78.04812148,21,635,,4.13,140,16,30,,
1318,T,3/8/2019 11:21,30.32657024,78.04815879,21,635,,4.49,141,16,30,,
1319,T,3/8/2019 11:21,30.32653222,78.04819745,21,635,,4.46,143,18,30,,
1320,T,3/8/2019 11:21,30.32650251,78.04823159,21,635,,4.36,144,18,30,,
1321,T,3/8/2019 11:21,30.32646138,78.04827334,21,634,,4.42,145,18,30,,
1322,T,3/8/2019 11:21,30.32642896,78.0483243,20,635,,4.15,141,18,30,,
1323,T,3/8/2019 11:21,30.32638972,78.04838796,20,638,,4.32,138,18,30,,
1324,T,3/8/2019 11:21,30.32635484,78.04844369,20,638,,4.31,137,18,30,,
1325,T,3/8/2019 11:21,30.32630058,78.04848804,21,637,,4.39,139,18,30,,
1326,T,3/8/2019 11:21,30.32624739,78.04853707,21,639,,4.53,139,18,30,,
1327,T,3/8/2019 11:21,30.32614819,78.04862012,21,639,,5.29,139,18,30,,
1328,T,3/8/2019 11:21,30.32610614,78.04866817,20,640,,5.65,138,18,30,,
1329,T,3/8/2019 11:21,30.32603182,78.04873866,20,643,,6.11,138,17,30,,
1330,T,3/8/2019 11:21,30.3259792,78.04879449,21,643,,6.53,138,17,30,,
1331,T,3/8/2019 11:21,30.32593271,78.04882566,20,644,,6.26,138,17,30,,
1332,T,3/8/2019 11:21,30.32591246,78.04885749,18,646,,5.09,137,17,30,,
1333,T,3/8/2019 11:21,30.3258815,78.04891314,18,645,,5.31,137,17,30,,
1334,T,3/8/2019 11:21,30.32585767,78.04895532,18,645,,5.35,136,17,30,,
1335,T,3/8/2019 11:21,30.32582112,78.04899504,20,645,,5.53,135,17,30,,
1336,T,3/8/2019 11:21,30.32577805,78.04903462,20,645,,5.23,134,17,30,,
1337,T,3/8/2019 11:21,30.32573994,78.04907035,18,643,,5.43,134,17,30,,
1338,T,3/8/2019 11:21,30.32570315,78.0491116,18,644,,5.35,135,17,30,,
1339,T,3/8/2019 11:21,30.32566888,78.04917037,20,644,,5.7,135,17,30,,
1340,T,3/8/2019 11:21,30.32560778,78.04923074,20,637,,5.84,135,17,30,,
1341,T,3/8/2019 11:21,30.32556884,78.04927298,21,638,,5.87,136,17,30,,
1342,T,3/8/2019 11:21,30.32553276,78.04932472,21,639,,6.06,136,17,30,,
1343,T,3/8/2019 11:21,30.32548375,78.04937517,23,640,,6.26,136,17,30,,
1344,T,3/8/2019 11:21,30.32544678,78.04944232,24,640,,6.77,135,17,30,,
1345,T,3/8/2019 11:21,30.32538485,78.04950669,26,641,,6.82,135,17,30,,
1346,T,3/8/2019 11:21,30.32534177,78.04955733,30,641,,6.82,135,17,30,,
1347,T,3/8/2019 11:21,30.32527374,78.04962637,30,641,,6.61,136,17,30,,
1348,T,3/8/2019 11:22,30.32527639,78.04965308,20,641,,5.51,174,17,30,,
1349,T,3/8/2019 11:22,30.32518908,78.04972424,17,639,,4.78,189,19,30,,
1350,T,3/8/2019 11:22,30.32512677,78.04975653,15,638,,4.41,191,20,29,,
