type,time,latitude,longitude,accuracy (m),altitude (m),geoid_height (m),speed (m/s),bearing (deg),sat_used,sat_inview,name,desc
T,2019-04-10 02:48:59,30.31046640,78.09326978,18,635.000,,1.730,1,19,31,20190410-081859,GPS Logger: 20190410-081859
T,2019-04-10 02:49:00,30.31044088,78.09325516,18,633.000,,1.280,359,20,32,,
T,2019-04-10 02:49:01,30.31040784,78.09325300,20,635.000,,0.670,6,23,32,,
T,2019-04-10 02:49:02,30.31038815,78.09325752,20,634.000,,0.280,4,23,32,,
T,2019-04-10 02:49:03,30.31034689,78.09325732,15,634.000,,0.400,92,24,32,,
T,2019-04-10 02:49:04,30.31035287,78.09324276,14,636.000,,0.220,94,24,32,,
T,2019-04-10 02:49:05,30.31035291,78.09325825,12,634.000,,0.200,85,24,32,,
T,2019-04-10 02:49:06,30.31034128,78.09325576,12,635.000,,0.000,,25,32,,
T,2019-04-10 02:49:07,30.31032169,78.09325132,11,636.000,,0.000,,25,32,,
T,2019-04-10 02:49:08,30.31029724,78.09325029,11,635.000,,0.000,,25,32,,
T,2019-04-10 02:49:09,30.31028146,78.09324979,11,635.000,,0.000,,25,32,,
T,2019-04-10 02:49:10,30.31027585,78.09325170,9,636.000,,0.000,,25,32,,
T,2019-04-10 02:49:11,30.31027310,78.09324505,8,636.000,,0.000,,26,32,,
T,2019-04-10 02:49:12,30.31027008,78.09324039,8,635.000,,0.000,,26,32,,
T,2019-04-10 02:49:13,30.31027737,78.09324242,6,636.000,,0.000,,26,32,,
T,2019-04-10 02:49:14,30.31027854,78.09324158,6,637.000,,0.000,,26,32,,
T,2019-04-10 02:49:15,30.31027900,78.09324257,6,637.000,,0.000,,26,32,,
T,2019-04-10 02:49:16,30.31027498,78.09324009,6,638.000,,0.000,,26,32,,
T,2019-04-10 02:49:17,30.31026793,78.09323722,6,638.000,,0.000,,26,32,,
T,2019-04-10 02:49:18,30.31026264,78.09323515,6,638.000,,0.000,,26,32,,
T,2019-04-10 02:49:19,30.31025974,78.09323411,5,638.000,,0.000,,26,32,,
T,2019-04-10 02:49:20,30.31025937,78.09323365,5,637.000,,0.000,,27,32,,
T,2019-04-10 02:49:21,30.31025880,78.09323359,6,637.000,,0.000,,27,32,,
T,2019-04-10 02:49:22,30.31025872,78.09323323,8,637.000,,0.000,,27,32,,
T,2019-04-10 02:49:23,30.31025909,78.09323330,9,637.000,,0.000,,27,32,,
T,2019-04-10 02:49:24,30.31025968,78.09323299,8,637.000,,0.000,,27,32,,
T,2019-04-10 02:49:25,30.31026075,78.09323258,6,637.000,,0.000,,27,32,,
T,2019-04-10 02:49:26,30.31026005,78.09323158,8,637.000,,0.000,,27,32,,
T,2019-04-10 02:49:27,30.31025980,78.09323120,6,637.000,,0.000,,27,32,,
T,2019-04-10 02:49:28,30.31026043,78.09323082,6,637.000,,0.000,,27,32,,
T,2019-04-10 02:49:29,30.31026051,78.09323069,6,637.000,,0.000,,27,32,,
T,2019-04-10 02:49:30,30.31026091,78.09323088,6,637.000,,0.000,,27,32,,
T,2019-04-10 02:49:31,30.31026154,78.09319111,6,635.000,,2.650,285,27,32,,
T,2019-04-10 02:49:32,30.31027368,78.09315955,6,634.000,,3.070,0,27,32,,
T,2019-04-10 02:49:33,30.31030680,78.09312620,6,633.000,,4.320,359,27,32,,
T,2019-04-10 02:49:34,30.31032700,78.09308501,6,632.000,,3.710,357,27,32,,
T,2019-04-10 02:49:35,30.31034404,78.09304466,6,631.000,,3.920,357,27,32,,
T,2019-04-10 02:49:36,30.31035809,78.09300163,6,630.000,,4.100,358,27,32,,
T,2019-04-10 02:49:37,30.31036084,78.09294786,6,630.000,,3.270,299,27,32,,
T,2019-04-10 02:49:38,30.31035725,78.09287929,6,629.000,,4.040,288,27,32,,
T,2019-04-10 02:49:39,30.31035815,78.09280120,6,628.000,,4.760,283,27,32,,
T,2019-04-10 02:49:40,30.31035958,78.09269497,6,628.000,,5.120,283,27,32,,
T,2019-04-10 02:49:41,30.31037044,78.09264878,6,629.000,,4.760,281,27,32,,
T,2019-04-10 02:49:42,30.31037002,78.09257717,6,630.000,,5.560,279,27,32,,
T,2019-04-10 02:49:43,30.31039705,78.09249704,6,630.000,,6.380,285,27,32,,
T,2019-04-10 02:49:44,30.31041105,78.09242091,6,630.000,,6.610,290,27,32,,
T,2019-04-10 02:49:45,30.31042878,78.09234972,6,629.000,,6.940,297,27,32,,
T,2019-04-10 02:49:46,30.31046037,78.09226217,8,627.000,,6.900,302,27,32,,
T,2019-04-10 02:49:47,30.31048435,78.09221851,8,626.000,,5.820,304,27,32,,
T,2019-04-10 02:49:48,30.31053330,78.09212983,8,626.000,,7.660,297,26,32,,
T,2019-04-10 02:49:49,30.31059154,78.09205768,9,627.000,,7.820,302,26,32,,
T,2019-04-10 02:49:50,30.31066117,78.09197644,17,627.000,,8.530,306,26,32,,
T,2019-04-10 02:49:51,30.31074954,78.09188906,18,626.000,,9.600,312,26,32,,
T,2019-04-10 02:49:52,30.31083096,78.09180522,17,625.000,,10.190,314,25,32,,
T,2019-04-10 02:49:53,30.31088167,78.09172456,18,625.000,,9.960,312,25,32,,
T,2019-04-10 02:49:54,30.31085666,78.09167990,17,620.000,,8.080,306,25,32,,
T,2019-04-10 02:49:55,30.31089884,78.09160995,17,621.000,,8.130,305,25,32,,
T,2019-04-10 02:49:56,30.31093707,78.09155581,18,620.000,,7.870,305,25,32,,
T,2019-04-10 02:49:57,30.31100426,78.09147959,18,620.000,,8.400,308,25,32,,
T,2019-04-10 02:49:58,30.31102841,78.09140927,18,621.000,,8.130,304,25,32,,
T,2019-04-10 02:49:59,30.31107269,78.09136494,18,621.000,,7.050,302,25,33,,
T,2019-04-10 02:50:00,30.31108897,78.09133315,17,621.000,,6.680,304,25,33,,
T,2019-04-10 02:50:01,30.31117645,78.09122294,15,621.000,,8.260,307,25,33,,
T,2019-04-10 02:50:02,30.31123060,78.09113496,15,620.000,,7.780,303,25,33,,
T,2019-04-10 02:50:03,30.31125923,78.09106800,14,619.000,,7.740,303,24,33,,
T,2019-04-10 02:50:04,30.31128018,78.09101252,15,620.000,,7.780,296,25,33,,
T,2019-04-10 02:50:05,30.31132061,78.09092879,15,618.000,,8.180,302,25,33,,
T,2019-04-10 02:50:06,30.31135090,78.09086952,15,618.000,,7.670,303,25,33,,
T,2019-04-10 02:50:07,30.31137300,78.09083709,15,617.000,,5.830,301,25,33,,
T,2019-04-10 02:50:08,30.31141583,78.09077859,14,617.000,,6.300,305,25,33,,
T,2019-04-10 02:50:09,30.31145742,78.09071023,14,619.000,,6.280,303,25,33,,
T,2019-04-10 02:50:10,30.31148682,78.09065011,14,619.000,,6.480,301,25,33,,
T,2019-04-10 02:50:11,30.31152007,78.09058999,14,619.000,,6.660,300,25,33,,
T,2019-04-10 02:50:12,30.31155793,78.09052744,14,619.000,,6.960,301,24,33,,
T,2019-04-10 02:50:13,30.31160075,78.09046251,14,619.000,,6.850,303,24,33,,
T,2019-04-10 02:50:14,30.31163572,78.09039759,14,620.000,,7.300,305,24,33,,
T,2019-04-10 02:50:15,30.31168185,78.09034008,14,620.000,,6.530,307,24,33,,
T,2019-04-10 02:50:16,30.31170933,78.09028357,14,621.000,,6.510,299,24,33,,
T,2019-04-10 02:50:17,30.31175270,78.09021262,14,623.000,,7.210,300,23,33,,
T,2019-04-10 02:50:18,30.31177621,78.09014745,14,621.000,,6.970,299,23,33,,
T,2019-04-10 02:50:19,30.31182271,78.09007107,14,623.000,,7.260,300,24,33,,
T,2019-04-10 02:50:20,30.31185816,78.09000804,14,623.000,,7.330,301,24,33,,
T,2019-04-10 02:50:21,30.31189667,78.08994546,15,624.000,,7.360,301,25,33,,
T,2019-04-10 02:50:22,30.31191523,78.08989137,15,623.000,,6.300,304,25,33,,
T,2019-04-10 02:50:23,30.31193905,78.08982739,15,624.000,,6.500,299,25,33,,
T,2019-04-10 02:50:24,30.31196916,78.08973813,15,623.000,,7.690,293,25,33,,
T,2019-04-10 02:50:25,30.31198489,78.08964017,15,623.000,,7.700,294,25,34,,
T,2019-04-10 02:50:26,30.31202617,78.08957396,15,624.000,,7.780,298,25,34,,
T,2019-04-10 02:50:27,30.31206148,78.08950259,15,625.000,,7.940,298,25,34,,
T,2019-04-10 02:50:28,30.31208807,78.08943414,14,625.000,,7.930,297,25,34,,
T,2019-04-10 02:50:29,30.31213901,78.08934564,15,626.000,,8.230,297,25,34,,
T,2019-04-10 02:50:30,30.31216647,78.08926775,15,626.000,,8.280,296,25,34,,
T,2019-04-10 02:50:31,30.31220999,78.08917476,14,626.000,,8.790,295,25,34,,
T,2019-04-10 02:50:32,30.31223939,78.08910028,14,626.000,,8.750,295,25,34,,
T,2019-04-10 02:50:33,30.31228044,78.08902241,14,627.000,,8.820,296,25,34,,
T,2019-04-10 02:50:34,30.31231261,78.08894014,14,627.000,,8.840,296,25,34,,
T,2019-04-10 02:50:35,30.31234124,78.08884989,15,627.000,,8.980,294,25,34,,
T,2019-04-10 02:50:36,30.31236316,78.08877070,15,625.000,,8.340,292,25,34,,
T,2019-04-10 02:50:37,30.31239896,78.08869959,15,626.000,,7.920,293,25,34,,
T,2019-04-10 02:50:38,30.31243711,78.08863601,15,625.000,,7.450,297,25,34,,
T,2019-04-10 02:50:39,30.31247564,78.08858037,15,626.000,,6.720,301,25,34,,
T,2019-04-10 02:50:40,30.31249341,78.08854006,14,626.000,,4.860,298,25,34,,
T,2019-04-10 02:50:41,30.31250763,78.08849262,14,625.000,,5.360,292,25,34,,
T,2019-04-10 02:50:42,30.31252782,78.08842173,14,626.000,,5.840,292,25,34,,
T,2019-04-10 02:50:43,30.31255694,78.08837692,14,628.000,,5.490,294,25,35,,
T,2019-04-10 02:50:44,30.31258582,78.08832389,14,628.000,,4.870,297,25,35,,
T,2019-04-10 02:50:45,30.31260126,78.08828222,14,628.000,,4.100,296,25,35,,
T,2019-04-10 02:50:46,30.31260884,78.08825628,14,628.000,,3.030,292,25,35,,
T,2019-04-10 02:50:47,30.31262404,78.08824248,14,628.000,,2.500,313,25,35,,
T,2019-04-10 02:50:48,30.31265048,78.08821882,14,628.000,,2.440,316,25,35,,
T,2019-04-10 02:50:49,30.31266134,78.08819352,14,629.000,,2.660,314,24,35,,
T,2019-04-10 02:50:50,30.31267992,78.08816171,14,629.000,,3.320,306,24,35,,
T,2019-04-10 02:50:51,30.31269551,78.08812496,14,630.000,,3.470,300,24,35,,
T,2019-04-10 02:50:52,30.31271325,78.08808166,14,630.000,,3.800,295,24,35,,
T,2019-04-10 02:50:53,30.31272614,78.08802236,14,630.000,,4.610,293,25,35,,
T,2019-04-10 02:50:54,30.31274639,78.08797150,14,628.000,,5.070,297,25,35,,
T,2019-04-10 02:50:55,30.31277612,78.08792669,14,628.000,,4.910,301,25,35,,
T,2019-04-10 02:50:56,30.31278703,78.08786899,14,626.000,,5.190,300,24,35,,
T,2019-04-10 02:50:57,30.31281673,78.08781087,14,627.000,,5.460,298,24,34,,
T,2019-04-10 02:50:58,30.31282084,78.08776668,14,626.000,,5.650,296,24,34,,
T,2019-04-10 02:50:59,30.31286600,78.08768297,15,627.000,,6.550,301,24,34,,
T,2019-04-10 02:51:00,30.31289299,78.08760636,15,627.000,,6.630,305,24,34,,
T,2019-04-10 02:51:01,30.31293786,78.08753491,14,628.000,,7.330,309,24,34,,
T,2019-04-10 02:51:02,30.31296824,78.08748195,14,627.000,,6.280,307,23,34,,
T,2019-04-10 02:51:03,30.31301014,78.08742353,15,627.000,,6.580,307,23,34,,
T,2019-04-10 02:51:04,30.31305698,78.08736108,15,628.000,,6.910,310,23,34,,
T,2019-04-10 02:51:05,30.31312311,78.08728192,15,632.000,,7.690,310,23,34,,
T,2019-04-10 02:51:06,30.31317373,78.08721869,15,631.000,,7.960,313,23,34,,
T,2019-04-10 02:51:07,30.31321904,78.08714946,15,631.000,,8.170,311,23,34,,
T,2019-04-10 02:51:08,30.31327942,78.08708104,15,631.000,,8.000,310,23,34,,
T,2019-04-10 02:51:09,30.31332756,78.08701071,15,630.000,,8.750,309,23,34,,
T,2019-04-10 02:51:10,30.31336549,78.08693122,15,629.000,,8.030,304,22,34,,
T,2019-04-10 02:51:11,30.31343496,78.08684361,15,629.000,,8.220,305,23,34,,
T,2019-04-10 02:51:12,30.31347938,78.08676939,15,630.000,,8.720,304,23,34,,
T,2019-04-10 02:51:13,30.31352323,78.08670596,15,629.000,,8.230,305,23,34,,
T,2019-04-10 02:51:14,30.31358812,78.08663490,15,629.000,,8.340,304,23,34,,
T,2019-04-10 02:51:15,30.31361956,78.08657661,15,627.000,,8.290,303,23,34,,
T,2019-04-10 02:51:16,30.31366995,78.08647648,15,627.000,,8.840,302,23,34,,
T,2019-04-10 02:51:17,30.31372159,78.08638141,15,626.000,,9.550,302,24,34,,
T,2019-04-10 02:51:18,30.31377515,78.08629497,15,626.000,,9.010,301,24,34,,
T,2019-04-10 02:51:19,30.31382979,78.08621611,15,625.000,,8.800,301,24,34,,
T,2019-04-10 02:51:20,30.31387987,78.08613491,15,624.000,,8.390,302,24,34,,
T,2019-04-10 02:51:21,30.31392706,78.08605383,15,623.000,,8.640,302,24,34,,
T,2019-04-10 02:51:22,30.31398844,78.08595813,14,624.000,,9.210,303,24,34,,
T,2019-04-10 02:51:23,30.31402454,78.08587156,14,625.000,,9.200,302,24,34,,
T,2019-04-10 02:51:24,30.31407444,78.08579817,14,625.000,,9.120,304,23,34,,
T,2019-04-10 02:51:25,30.31411975,78.08571263,14,625.000,,9.170,304,23,34,,
T,2019-04-10 02:51:26,30.31416793,78.08562714,14,626.000,,8.970,304,23,34,,
T,2019-04-10 02:51:27,30.31421606,78.08555327,14,626.000,,8.600,305,23,34,,
T,2019-04-10 02:51:28,30.31424694,78.08546566,14,627.000,,8.360,305,23,34,,
T,2019-04-10 02:51:29,30.31427782,78.08538782,14,628.000,,8.170,306,23,34,,
T,2019-04-10 02:51:30,30.31431932,78.08531787,14,628.000,,7.840,306,23,34,,
T,2019-04-10 02:51:31,30.31436095,78.08524425,14,630.000,,8.000,306,23,34,,
T,2019-04-10 02:51:32,30.31440258,78.08517712,14,631.000,,7.790,307,23,34,,
T,2019-04-10 02:51:33,30.31444704,78.08511300,14,631.000,,7.550,307,23,34,,
T,2019-04-10 02:51:34,30.31448658,78.08504257,15,632.000,,7.440,308,22,34,,
T,2019-04-10 02:51:35,30.31452042,78.08498890,15,632.000,,6.770,306,22,34,,
T,2019-04-10 02:51:36,30.31453721,78.08497881,15,631.000,,4.470,311,22,34,,
T,2019-04-10 02:51:37,30.31456301,78.08494950,15,632.000,,4.280,313,22,34,,
T,2019-04-10 02:51:38,30.31460353,78.08490934,15,631.000,,4.630,316,21,34,,
T,2019-04-10 02:51:39,30.31458704,78.08490702,17,631.000,,3.000,318,21,34,,
T,2019-04-10 02:51:40,30.31462100,78.08488180,17,631.000,,2.820,318,21,34,,
T,2019-04-10 02:51:41,30.31465151,78.08484844,17,631.000,,3.180,318,21,34,,
T,2019-04-10 02:51:42,30.31461986,78.08489289,15,630.000,,0.840,319,22,34,,
T,2019-04-10 02:51:43,30.31460633,78.08489600,15,631.000,,0.410,321,22,34,,
T,2019-04-10 02:51:44,30.31458635,78.08490336,14,630.000,,0.000,,22,33,,
T,2019-04-10 02:51:45,30.31459295,78.08490933,14,631.000,,0.000,,23,33,,
T,2019-04-10 02:51:46,30.31460987,78.08490102,14,630.000,,0.290,325,23,33,,
T,2019-04-10 02:51:47,30.31461950,78.08490717,14,630.000,,0.000,,24,33,,
T,2019-04-10 02:51:48,30.31462349,78.08490465,14,630.000,,0.000,,24,33,,
T,2019-04-10 02:51:49,30.31461982,78.08490910,14,631.000,,0.000,,24,33,,
T,2019-04-10 02:51:50,30.31462359,78.08490879,14,630.000,,0.000,,24,33,,
T,2019-04-10 02:51:51,30.31463000,78.08490495,14,630.000,,0.000,,24,33,,
T,2019-04-10 02:51:52,30.31463228,78.08490804,14,630.000,,0.670,327,24,33,,
T,2019-04-10 02:51:53,30.31464815,78.08490538,14,630.000,,1.430,325,24,33,,
T,2019-04-10 02:51:54,30.31466054,78.08489884,14,630.000,,1.380,319,24,33,,
T,2019-04-10 02:51:55,30.31466690,78.08489461,14,629.000,,0.780,315,24,33,,
T,2019-04-10 02:51:56,30.31467544,78.08489248,14,629.000,,0.750,313,24,33,,
T,2019-04-10 02:51:57,30.31468280,78.08488864,14,629.000,,0.700,314,24,33,,
T,2019-04-10 02:51:58,30.31468708,78.08488666,14,628.000,,0.650,314,24,33,,
T,2019-04-10 02:51:59,30.31468934,78.08488028,15,628.000,,0.820,312,24,33,,
T,2019-04-10 02:52:00,30.31469042,78.08487430,15,628.000,,0.790,313,24,33,,
T,2019-04-10 02:52:01,30.31470313,78.08485789,15,628.000,,1.210,314,24,31,,
T,2019-04-10 02:52:02,30.31470932,78.08484771,15,627.000,,0.670,315,24,31,,
T,2019-04-10 02:52:03,30.31471817,78.08483577,15,627.000,,0.660,316,24,31,,
T,2019-04-10 02:52:04,30.31472074,78.08483059,15,627.000,,0.000,,24,31,,
T,2019-04-10 02:52:05,30.31471878,78.08482870,15,628.000,,0.000,,24,31,,
T,2019-04-10 02:52:06,30.31472185,78.08482252,15,628.000,,0.000,,25,31,,
T,2019-04-10 02:52:07,30.31472239,78.08481919,15,628.000,,0.270,315,24,31,,
T,2019-04-10 02:52:08,30.31472242,78.08481664,15,628.000,,0.000,,25,31,,
T,2019-04-10 02:52:09,30.31472482,78.08481333,15,628.000,,0.000,,25,31,,
T,2019-04-10 02:52:10,30.31472434,78.08481162,15,628.000,,0.000,,24,31,,
T,2019-04-10 02:52:11,30.31472415,78.08481211,15,628.000,,0.000,,25,31,,
T,2019-04-10 02:52:12,30.31472596,78.08481192,15,628.000,,0.000,,24,31,,
T,2019-04-10 02:52:13,30.31472743,78.08481162,15,628.000,,0.000,,24,31,,
T,2019-04-10 02:52:14,30.31473019,78.08480608,15,627.000,,0.000,,24,31,,
T,2019-04-10 02:52:15,30.31473173,78.08480127,15,627.000,,0.000,,25,31,,
T,2019-04-10 02:52:16,30.31473303,78.08479793,15,626.000,,0.000,,25,31,,
T,2019-04-10 02:52:17,30.31473319,78.08479706,15,627.000,,0.000,,25,31,,
T,2019-04-10 02:52:18,30.31473276,78.08479830,15,627.000,,0.000,,24,31,,
T,2019-04-10 02:52:19,30.31473120,78.08480126,15,627.000,,0.000,,24,31,,
T,2019-04-10 02:52:20,30.31473086,78.08480292,17,628.000,,0.000,,24,31,,
T,2019-04-10 02:52:21,30.31473119,78.08480419,17,628.000,,0.000,,24,31,,
T,2019-04-10 02:52:22,30.31473071,78.08480565,15,628.000,,0.000,,24,31,,
T,2019-04-10 02:52:23,30.31473040,78.08480636,15,628.000,,0.000,,24,31,,
T,2019-04-10 02:52:24,30.31473029,78.08480754,15,628.000,,0.000,,24,31,,
T,2019-04-10 02:52:25,30.31473040,78.08480824,15,628.000,,0.000,,24,31,,
T,2019-04-10 02:52:26,30.31473000,78.08480892,15,628.000,,0.000,,24,31,,
T,2019-04-10 02:52:27,30.31472998,78.08480918,15,628.000,,0.000,,24,31,,
T,2019-04-10 02:52:28,30.31473026,78.08481279,15,628.000,,0.210,317,24,31,,
T,2019-04-10 02:52:29,30.31473653,78.08481799,15,631.000,,0.000,,23,31,,
T,2019-04-10 02:52:30,30.31473841,78.08481799,15,631.000,,0.640,314,24,31,,
T,2019-04-10 02:52:31,30.31473882,78.08480583,14,628.000,,2.020,303,24,31,,
T,2019-04-10 02:52:32,30.31475112,78.08478536,14,630.000,,2.450,310,24,31,,
T,2019-04-10 02:52:33,30.31476735,78.08476641,14,630.000,,2.490,314,24,31,,
T,2019-04-10 02:52:34,30.31478184,78.08475031,14,631.000,,2.360,315,24,31,,
T,2019-04-10 02:52:35,30.31480180,78.08472734,14,632.000,,2.780,312,24,31,,
T,2019-04-10 02:52:36,30.31481814,78.08471129,15,633.000,,2.520,315,23,32,,
T,2019-04-10 02:52:37,30.31484737,78.08468351,14,633.000,,3.650,315,23,32,,
T,2019-04-10 02:52:38,30.31487546,78.08466278,14,634.000,,3.320,317,23,32,,
T,2019-04-10 02:52:39,30.31490236,78.08464066,14,635.000,,3.330,317,23,32,,
T,2019-04-10 02:52:40,30.31492751,78.08461562,15,635.000,,3.440,317,22,32,,
T,2019-04-10 02:52:41,30.31494891,78.08459297,15,635.000,,3.140,314,22,32,,
T,2019-04-10 02:52:42,30.31496978,78.08456958,15,635.000,,3.270,312,22,32,,
T,2019-04-10 02:52:43,30.31499947,78.08453174,17,634.000,,4.440,311,23,32,,
T,2019-04-10 02:52:44,30.31502732,78.08449340,17,634.000,,4.090,310,23,32,,
T,2019-04-10 02:52:45,30.31506576,78.08444833,15,634.000,,4.650,311,23,32,,
T,2019-04-10 02:52:46,30.31509997,78.08441098,15,633.000,,4.560,313,23,32,,
T,2019-04-10 02:52:47,30.31513145,78.08437711,14,635.000,,3.780,314,23,32,,
T,2019-04-10 02:52:48,30.31515731,78.08434668,14,635.000,,3.980,315,23,32,,
T,2019-04-10 02:52:49,30.31518386,78.08431521,14,634.000,,4.340,314,23,32,,
T,2019-04-10 02:52:50,30.31521042,78.08428339,14,634.000,,4.300,315,23,32,,
T,2019-04-10 02:52:51,30.31524026,78.08425201,15,635.000,,4.440,316,23,31,,
T,2019-04-10 02:52:52,30.31527321,78.08422447,15,635.000,,4.430,321,23,31,,
T,2019-04-10 02:52:53,30.31531977,78.08418053,15,635.000,,5.030,312,23,31,,
T,2019-04-10 02:52:54,30.31536321,78.08415259,15,636.000,,5.010,319,23,31,,
T,2019-04-10 02:52:55,30.31541997,78.08409712,15,637.000,,5.670,321,23,31,,
T,2019-04-10 02:52:57,30.31552018,78.08398525,17,638.000,,6.200,316,23,31,,
T,2019-04-10 02:52:58,30.31556349,78.08394904,15,639.000,,5.410,318,23,31,,
T,2019-04-10 02:52:59,30.31559136,78.08391043,15,638.000,,6.210,315,23,31,,
T,2019-04-10 02:53:00,30.31561922,78.08385936,15,639.000,,6.180,311,23,31,,
T,2019-04-10 02:53:01,30.31565533,78.08379411,15,639.000,,6.150,312,23,31,,
T,2019-04-10 02:53:02,30.31569803,78.08372055,15,639.000,,6.130,311,23,32,,
T,2019-04-10 02:53:03,30.31573127,78.08367308,15,640.000,,5.950,311,23,32,,
T,2019-04-10 02:53:04,30.31577074,78.08362514,14,640.000,,5.360,310,23,32,,
T,2019-04-10 02:53:05,30.31578506,78.08358090,14,636.000,,5.380,303,23,32,,
T,2019-04-10 02:53:06,30.31582373,78.08353215,14,634.000,,6.230,313,23,32,,
T,2019-04-10 02:53:07,30.31586757,78.08346338,14,633.000,,7.210,309,23,32,,
T,2019-04-10 02:53:08,30.31592119,78.08339821,14,632.000,,7.620,314,23,32,,
T,2019-04-10 02:53:09,30.31596302,78.08332653,14,633.000,,8.910,306,23,32,,
T,2019-04-10 02:53:10,30.31600148,78.08325132,15,633.000,,9.550,302,23,32,,
T,2019-04-10 02:53:11,30.31601723,78.08314544,15,633.000,,10.080,294,23,32,,
T,2019-04-10 02:53:12,30.31607253,78.08305026,15,634.000,,10.350,295,23,32,,
T,2019-04-10 02:53:13,30.31608397,78.08295155,15,633.000,,10.240,288,23,32,,
T,2019-04-10 02:53:14,30.31610749,78.08281866,14,634.000,,11.390,284,23,32,,
T,2019-04-10 02:53:15,30.31614662,78.08270083,14,634.000,,11.730,287,23,32,,
T,2019-04-10 02:53:16,30.31617372,78.08259126,14,634.000,,11.560,288,23,32,,
T,2019-04-10 02:53:17,30.31620637,78.08247043,14,630.000,,11.930,290,23,32,,
T,2019-04-10 02:53:18,30.31625273,78.08236182,14,631.000,,11.900,292,23,32,,
T,2019-04-10 02:53:19,30.31629971,78.08224901,15,632.000,,11.520,297,23,32,,
T,2019-04-10 02:53:20,30.31634971,78.08215024,14,633.000,,10.630,295,23,32,,
T,2019-04-10 02:53:21,30.31640566,78.08205497,14,633.000,,10.240,303,23,32,,
T,2019-04-10 02:53:22,30.31645139,78.08194752,15,634.000,,10.330,301,23,32,,
T,2019-04-10 02:53:23,30.31652170,78.08187162,15,635.000,,9.870,308,23,32,,
T,2019-04-10 02:53:24,30.31658353,78.08178783,15,634.000,,9.200,308,23,32,,
T,2019-04-10 02:53:25,30.31663851,78.08170636,15,633.000,,8.640,305,23,32,,
T,2019-04-10 02:53:26,30.31669891,78.08162079,15,632.000,,8.940,307,23,32,,
T,2019-04-10 02:53:27,30.31674870,78.08154342,15,633.000,,8.920,306,23,32,,
T,2019-04-10 02:53:28,30.31677468,78.08148391,15,633.000,,7.120,303,23,32,,
T,2019-04-10 02:53:29,30.31683470,78.08140545,15,635.000,,6.950,305,22,32,,
T,2019-04-10 02:53:30,30.31687078,78.08136098,15,636.000,,6.180,307,22,32,,
T,2019-04-10 02:53:31,30.31689972,78.08131753,15,638.000,,5.170,309,21,32,,
T,2019-04-10 02:53:32,30.31693440,78.08127130,15,638.000,,5.550,315,21,32,,
T,2019-04-10 02:53:33,30.31696585,78.08123971,15,639.000,,5.200,318,22,32,,
T,2019-04-10 02:53:34,30.31698830,78.08120230,15,640.000,,4.880,314,22,32,,
T,2019-04-10 02:53:35,30.31701865,78.08116059,15,641.000,,4.860,312,22,32,,
T,2019-04-10 02:53:36,30.31704447,78.08111695,15,642.000,,4.980,313,22,32,,
T,2019-04-10 02:53:37,30.31707538,78.08107263,15,641.000,,4.980,312,22,32,,
T,2019-04-10 02:53:38,30.31710872,78.08101910,15,643.000,,5.510,310,22,32,,
T,2019-04-10 02:53:39,30.31715068,78.08096422,15,645.000,,5.970,310,22,32,,
T,2019-04-10 02:53:40,30.31720080,78.08091985,15,645.000,,5.260,319,22,32,,
T,2019-04-10 02:53:41,30.31724200,78.08086321,15,645.000,,5.400,324,22,32,,
T,2019-04-10 02:53:42,30.31729759,78.08082370,15,647.000,,5.950,325,23,32,,
T,2019-04-10 02:53:43,30.31734887,78.08078058,15,648.000,,6.270,321,23,32,,
T,2019-04-10 02:53:44,30.31741202,78.08074138,15,651.000,,6.990,327,23,32,,
T,2019-04-10 02:53:45,30.31748228,78.08068860,15,651.000,,6.900,327,24,32,,
T,2019-04-10 02:53:46,30.31756003,78.08065370,14,651.000,,7.680,335,24,32,,
T,2019-04-10 02:53:47,30.31763130,78.08063495,14,650.000,,7.790,336,24,32,,
T,2019-04-10 02:53:48,30.31771076,78.08060221,14,651.000,,7.680,338,24,32,,
T,2019-04-10 02:53:49,30.31778242,78.08057072,14,652.000,,7.580,337,24,32,,
T,2019-04-10 02:53:50,30.31783788,78.08053683,14,650.000,,7.760,333,24,32,,
T,2019-04-10 02:53:51,30.31789358,78.08049463,14,651.000,,7.640,331,24,32,,
T,2019-04-10 02:53:52,30.31795356,78.08047726,14,651.000,,7.380,337,24,32,,
T,2019-04-10 02:53:53,30.31801619,78.08044533,14,651.000,,7.480,335,24,32,,
T,2019-04-10 02:53:54,30.31808245,78.08042455,14,652.000,,7.800,337,24,32,,
T,2019-04-10 02:53:55,30.31814671,78.08038864,14,649.000,,7.880,334,24,32,,
T,2019-04-10 02:53:56,30.31821304,78.08035632,14,650.000,,7.950,333,24,32,,
T,2019-04-10 02:53:57,30.31827443,78.08030463,14,649.000,,7.940,330,24,32,,
T,2019-04-10 02:53:58,30.31834126,78.08026379,14,649.000,,7.810,330,24,32,,
T,2019-04-10 02:53:59,30.31840126,78.08023042,14,649.000,,7.970,331,24,32,,
T,2019-04-10 02:54:00,30.31846997,78.08018642,14,648.000,,7.720,332,24,32,,
T,2019-04-10 02:54:01,30.31853404,78.08014803,14,649.000,,7.760,333,25,32,,
T,2019-04-10 02:54:02,30.31858716,78.08010781,14,649.000,,7.570,331,25,32,,
T,2019-04-10 02:54:03,30.31865552,78.08007585,14,648.000,,7.530,335,25,32,,
T,2019-04-10 02:54:04,30.31871763,78.08003561,14,649.000,,7.600,334,25,32,,
T,2019-04-10 02:54:05,30.31877614,78.07999180,14,650.000,,7.390,333,25,32,,
T,2019-04-10 02:54:06,30.31883301,78.07996181,14,650.000,,6.830,333,25,32,,
T,2019-04-10 02:54:07,30.31889129,78.07993622,14,649.000,,6.680,331,25,32,,
T,2019-04-10 02:54:08,30.31893853,78.07990535,14,649.000,,6.710,331,25,32,,
T,2019-04-10 02:54:09,30.31899983,78.07987349,14,650.000,,7.230,336,25,32,,
T,2019-04-10 02:54:10,30.31906539,78.07983194,14,649.000,,7.340,336,25,32,,
T,2019-04-10 02:54:11,30.31912148,78.07978887,14,649.000,,7.540,330,25,32,,
T,2019-04-10 02:54:12,30.31918206,78.07975946,14,649.000,,7.360,333,25,32,,
T,2019-04-10 02:54:13,30.31923474,78.07972258,14,648.000,,7.120,332,24,32,,
T,2019-04-10 02:54:14,30.31928659,78.07968667,14,648.000,,6.660,331,24,32,,
T,2019-04-10 02:54:15,30.31934066,78.07965424,14,648.000,,6.410,332,25,32,,
T,2019-04-10 02:54:16,30.31938700,78.07963207,14,648.000,,5.890,335,25,32,,
T,2019-04-10 02:54:17,30.31942281,78.07959780,14,647.000,,5.730,329,25,32,,
T,2019-04-10 02:54:18,30.31946157,78.07956040,14,646.000,,5.490,324,25,32,,
T,2019-04-10 02:54:19,30.31950641,78.07953160,14,646.000,,5.330,325,25,32,,
T,2019-04-10 02:54:20,30.31954199,78.07949549,14,645.000,,5.070,323,25,32,,
T,2019-04-10 02:54:21,30.31957256,78.07946129,14,646.000,,4.680,320,26,32,,
T,2019-04-10 02:54:22,30.31959503,78.07943419,14,647.000,,3.500,318,26,32,,
T,2019-04-10 02:54:23,30.31961452,78.07941898,14,647.000,,3.120,315,16,20,,
T,2019-04-10 02:54:24,30.31963175,78.07939988,14,647.000,,2.500,311,10,16,,
T,2019-04-10 02:54:25,30.31964634,78.07938007,14,647.000,,2.500,311,10,16,,
T,2019-04-10 02:54:26,30.31965458,78.07939252,14,647.000,,1.030,315,10,18,,
T,2019-04-10 02:54:27,30.31966623,78.07938710,14,647.000,,1.290,318,13,19,,
T,2019-04-10 02:54:28,30.31968502,78.07937510,14,647.000,,1.710,307,13,19,,
T,2019-04-10 02:54:29,30.31969396,78.07935900,14,646.000,,1.480,287,12,18,,
T,2019-04-10 02:54:30,30.31969795,78.07934430,14,646.000,,1.480,307,12,18,,
T,2019-04-10 02:54:31,30.31968556,78.07931358,14,648.000,,1.520,262,13,19,,
T,2019-04-10 02:54:32,30.31968367,78.07929792,14,648.000,,1.520,262,13,19,,
T,2019-04-10 02:54:33,30.31968378,78.07928834,14,647.000,,1.010,262,10,15,,
T,2019-04-10 02:54:34,30.31968433,78.07928497,14,647.000,,0.000,,10,16,,
T,2019-04-10 02:54:35,30.31968630,78.07928588,14,647.000,,0.000,,12,18,,
T,2019-04-10 02:54:36,30.31968741,78.07928521,14,647.000,,0.000,,11,17,,
T,2019-04-10 02:54:37,30.31968669,78.07928507,14,647.000,,0.000,,10,17,,
T,2019-04-10 02:54:38,30.31968502,78.07928426,14,647.000,,0.000,,10,17,,
T,2019-04-10 02:54:39,30.31968603,78.07928312,14,647.000,,0.520,263,11,17,,
T,2019-04-10 02:54:40,30.31968939,78.07928445,6,649.000,,0.000,,13,18,,
T,2019-04-10 02:54:41,30.31969169,78.07928506,6,649.000,,0.000,,10,15,,
T,2019-04-10 02:54:42,30.31969332,78.07927920,6,649.000,,0.800,289,10,15,,
T,2019-04-10 02:54:43,30.31969805,78.07926859,6,649.000,,1.350,294,9,17,,
T,2019-04-10 02:54:44,30.31970413,78.07925306,6,649.000,,1.770,289,10,18,,
T,2019-04-10 02:54:45,30.31971088,78.07923138,6,649.000,,2.330,288,9,16,,
T,2019-04-10 02:54:46,30.31971919,78.07920437,6,649.000,,2.790,286,11,18,,
T,2019-04-10 02:54:47,30.31972316,78.07917635,6,648.000,,2.550,278,11,17,,
T,2019-04-10 02:54:48,30.31972361,78.07914882,8,647.000,,3.250,279,12,18,,
T,2019-04-10 02:54:49,30.31971964,78.07911601,8,645.000,,3.920,274,11,17,,
T,2019-04-10 02:54:50,30.31971596,78.07907991,8,645.000,,3.940,274,11,17,,
T,2019-04-10 02:54:51,30.31971371,78.07904284,9,644.000,,3.930,274,10,16,,
T,2019-04-10 02:54:52,30.31971364,78.07899998,8,644.000,,4.890,271,12,18,,
T,2019-04-10 02:54:53,30.31971393,78.07895180,8,644.000,,4.920,271,10,15,,
T,2019-04-10 02:54:54,30.31971288,78.07890332,9,646.000,,4.840,268,12,15,,
T,2019-04-10 02:54:55,30.31971055,78.07885480,11,646.000,,4.840,269,12,15,,
T,2019-04-10 02:54:56,30.31969871,78.07879087,9,647.000,,5.990,273,10,15,,
T,2019-04-10 02:54:57,30.31970118,78.07872860,11,647.000,,5.990,273,10,15,,
T,2019-04-10 02:54:58,30.31970351,78.07867095,11,648.000,,5.620,273,13,29,,
T,2019-04-10 02:54:59,30.31971640,78.07860194,9,648.000,,6.210,273,16,32,,
T,2019-04-10 02:55:00,30.31971202,78.07853832,9,648.000,,5.800,267,16,32,,
T,2019-04-10 02:55:01,30.31970271,78.07850429,9,649.000,,4.330,265,16,21,,
T,2019-04-10 02:55:02,30.31968983,78.07846763,8,649.000,,3.810,252,6,12,,
T,2019-04-10 02:55:03,30.31967939,78.07842982,11,649.000,,3.810,252,6,12,,
T,2019-04-10 02:55:04,30.31969796,78.07842594,9,650.000,,2.300,274,12,31,,
T,2019-04-10 02:55:05,30.31970068,78.07840599,9,650.000,,2.190,273,13,31,,
T,2019-04-10 02:55:06,30.31969839,78.07837471,8,650.000,,2.090,266,13,31,,
T,2019-04-10 02:55:07,30.31968984,78.07835341,8,651.000,,1.910,253,14,31,,
T,2019-04-10 02:55:08,30.31968890,78.07831515,8,651.000,,2.610,271,15,31,,
T,2019-04-10 02:55:09,30.31968398,78.07827356,8,651.000,,2.820,266,16,31,,
T,2019-04-10 02:55:10,30.31968817,78.07824668,9,651.000,,2.850,269,17,31,,
T,2019-04-10 02:55:11,30.31968160,78.07821616,11,652.000,,3.220,259,18,32,,
T,2019-04-10 02:55:12,30.31968597,78.07816439,9,652.000,,4.590,269,19,32,,
T,2019-04-10 02:55:13,30.31968627,78.07810777,11,651.000,,4.740,266,20,32,,
T,2019-04-10 02:55:14,30.31969443,78.07800349,11,651.000,,5.250,269,22,32,,
T,2019-04-10 02:55:15,30.31969045,78.07795337,8,650.000,,5.790,275,22,32,,
T,2019-04-10 02:55:16,30.31971246,78.07788304,8,648.000,,5.140,280,22,32,,
T,2019-04-10 02:55:17,30.31972158,78.07779557,6,648.000,,5.620,281,22,32,,
T,2019-04-10 02:55:18,30.31973206,78.07775446,6,648.000,,5.600,274,22,32,,
T,2019-04-10 02:55:19,30.31972851,78.07770253,8,647.000,,5.570,278,23,32,,
T,2019-04-10 02:55:20,30.31975278,78.07764898,9,646.000,,5.580,286,23,32,,
T,2019-04-10 02:55:21,30.31978347,78.07755742,11,646.000,,6.860,289,23,32,,
T,2019-04-10 02:55:22,30.31979744,78.07743180,8,645.000,,7.540,288,23,32,,
T,2019-04-10 02:55:23,30.31982513,78.07737838,8,643.000,,7.680,291,24,32,,
T,2019-04-10 02:55:24,30.31985408,78.07728224,6,644.000,,8.600,300,24,32,,
T,2019-04-10 02:55:25,30.31988366,78.07719625,6,643.000,,8.760,297,24,32,,
T,2019-04-10 02:55:26,30.31992138,78.07709463,6,644.000,,9.670,298,24,32,,
T,2019-04-10 02:55:27,30.31996300,78.07698868,6,644.000,,10.150,297,24,32,,
T,2019-04-10 02:55:28,30.32000570,78.07689525,6,645.000,,10.560,295,24,32,,
T,2019-04-10 02:55:29,30.32004942,78.07680297,6,645.000,,10.670,297,24,32,,
T,2019-04-10 02:55:30,30.32010337,78.07670892,6,645.000,,10.680,303,24,32,,
T,2019-04-10 02:55:31,30.32016743,78.07660248,8,645.000,,11.120,306,24,32,,
T,2019-04-10 02:55:32,30.32022754,78.07650536,8,645.000,,11.260,306,24,32,,
T,2019-04-10 02:55:33,30.32028339,78.07639586,9,646.000,,11.420,305,24,32,,
T,2019-04-10 02:55:34,30.32032015,78.07629104,9,645.000,,11.120,304,24,32,,
T,2019-04-10 02:55:35,30.32037515,78.07620862,9,644.000,,10.750,304,24,32,,
T,2019-04-10 02:55:36,30.32042411,78.07612502,9,643.000,,10.460,302,24,31,,
T,2019-04-10 02:55:37,30.32049049,78.07601144,9,643.000,,10.330,302,23,31,,
T,2019-04-10 02:55:38,30.32052352,78.07591888,8,643.000,,9.740,299,23,31,,
T,2019-04-10 02:55:39,30.32053809,78.07583592,8,641.000,,9.060,296,23,31,,
T,2019-04-10 02:55:40,30.32055672,78.07576778,8,640.000,,8.320,293,23,31,,
T,2019-04-10 02:55:41,30.32058951,78.07571333,6,642.000,,7.210,298,23,31,,
T,2019-04-10 02:55:42,30.32060815,78.07565491,6,640.000,,5.980,297,23,31,,
T,2019-04-10 02:55:43,30.32061894,78.07559619,6,641.000,,5.500,295,23,31,,
T,2019-04-10 02:55:44,30.32064490,78.07554902,6,641.000,,5.510,297,23,31,,
T,2019-04-10 02:55:45,30.32066675,78.07550727,6,642.000,,5.230,297,24,31,,
T,2019-04-10 02:55:46,30.32069551,78.07545239,5,642.000,,5.710,301,24,31,,
T,2019-04-10 02:55:47,30.32072021,78.07539959,5,643.000,,5.220,294,24,31,,
T,2019-04-10 02:55:48,30.32073990,78.07536234,14,643.000,,4.770,293,24,31,,
T,2019-04-10 02:55:49,30.32075275,78.07532830,14,642.000,,4.400,290,24,31,,
T,2019-04-10 02:55:50,30.32076778,78.07528528,14,642.000,,4.330,290,24,31,,
T,2019-04-10 02:55:51,30.32078904,78.07524518,14,641.000,,3.140,292,24,31,,
T,2019-04-10 02:55:52,30.32079304,78.07521538,14,642.000,,2.620,287,24,31,,
T,2019-04-10 02:55:53,30.32080132,78.07519178,14,641.000,,2.100,294,24,31,,
T,2019-04-10 02:55:54,30.32080323,78.07517812,14,641.000,,1.630,286,24,31,,
T,2019-04-10 02:55:55,30.32080420,78.07517405,14,641.000,,1.020,290,25,31,,
T,2019-04-10 02:55:56,30.32079800,78.07518467,14,640.000,,0.000,,25,31,,
T,2019-04-10 02:55:57,30.32081054,78.07518891,14,640.000,,0.960,350,26,31,,
T,2019-04-10 02:55:58,30.32081517,78.07519005,14,640.000,,0.670,5,26,31,,
T,2019-04-10 02:55:59,30.32080836,78.07519865,5,640.000,,0.300,287,26,32,,
T,2019-04-10 02:56:00,30.32080216,78.07519639,5,639.000,,0.000,,26,32,,
T,2019-04-10 02:56:01,30.32079986,78.07519637,5,639.000,,0.000,,26,32,,
T,2019-04-10 02:56:02,30.32079633,78.07519179,5,639.000,,0.000,,26,32,,
T,2019-04-10 02:56:03,30.32079624,78.07519320,5,639.000,,0.000,,26,32,,
T,2019-04-10 02:56:04,30.32079199,78.07519047,5,639.000,,0.000,,26,32,,
T,2019-04-10 02:56:05,30.32079332,78.07518864,5,639.000,,0.000,,26,33,,
T,2019-04-10 02:56:06,30.32079474,78.07519033,5,639.000,,0.000,,26,33,,
T,2019-04-10 02:56:07,30.32079311,78.07518891,5,639.000,,0.000,,26,33,,
T,2019-04-10 02:56:08,30.32079464,78.07518935,5,639.000,,0.000,,26,33,,
T,2019-04-10 02:56:09,30.32079421,78.07519190,5,640.000,,0.000,,26,33,,
T,2019-04-10 02:56:10,30.32079289,78.07519202,5,639.000,,0.000,,24,33,,
T,2019-04-10 02:56:11,30.32079246,78.07519244,5,639.000,,0.000,,24,33,,
T,2019-04-10 02:56:12,30.32079219,78.07519238,5,639.000,,0.000,,16,21,,
T,2019-04-10 02:56:13,30.32079218,78.07519238,5,639.000,,0.000,,16,21,,
T,2019-04-10 02:56:14,30.32079215,78.07519252,5,639.000,,0.000,,10,19,,
T,2019-04-10 02:56:15,30.32079211,78.07519254,5,639.000,,0.000,,13,20,,
T,2019-04-10 02:56:16,30.32078805,78.07518781,5,638.000,,0.540,279,11,18,,
T,2019-04-10 02:56:17,30.32078946,78.07516749,5,635.000,,0.910,294,10,18,,
T,2019-04-10 02:56:18,30.32079283,78.07515880,5,635.000,,0.910,294,10,18,,
T,2019-04-10 02:56:19,30.32080303,78.07513788,5,635.000,,1.350,294,13,20,,
T,2019-04-10 02:56:20,30.32080202,78.07513371,5,634.000,,0.980,305,13,19,,
T,2019-04-10 02:56:21,30.32080809,78.07512999,5,634.000,,1.160,305,11,17,,
T,2019-04-10 02:56:22,30.32080974,78.07512513,5,635.000,,0.520,305,10,18,,
T,2019-04-10 02:56:23,30.32081035,78.07512293,5,635.000,,0.220,305,11,20,,
T,2019-04-10 02:56:24,30.32080593,78.07512416,5,634.000,,0.000,,12,32,,
T,2019-04-10 02:56:25,30.32080382,78.07512632,5,634.000,,0.000,,14,21,,
T,2019-04-10 02:56:26,30.32080170,78.07512645,6,634.000,,0.000,,11,18,,
T,2019-04-10 02:56:27,30.32080031,78.07512625,6,634.000,,0.000,,9,21,,
T,2019-04-10 02:56:28,30.32079919,78.07512562,8,635.000,,0.000,,8,20,,
T,2019-04-10 02:56:29,30.32079845,78.07512512,8,635.000,,0.000,,9,21,,
T,2019-04-10 02:56:30,30.32079763,78.07512390,8,635.000,,0.000,,10,21,,
T,2019-04-10 02:56:31,30.32079859,78.07512426,8,635.000,,0.000,,10,21,,
T,2019-04-10 02:56:32,30.32079925,78.07512531,8,635.000,,0.000,,9,18,,
T,2019-04-10 02:56:33,30.32079890,78.07512741,8,634.000,,0.000,,11,19,,
T,2019-04-10 02:56:34,30.32079911,78.07512891,8,634.000,,0.000,,11,19,,
T,2019-04-10 02:56:35,30.32079981,78.07513064,6,634.000,,0.000,,11,20,,
T,2019-04-10 02:56:36,30.32080038,78.07513173,6,634.000,,0.000,,10,18,,
T,2019-04-10 02:56:37,30.32080067,78.07513228,6,634.000,,0.000,,10,18,,
T,2019-04-10 02:56:38,30.32080092,78.07513249,6,634.000,,0.000,,11,20,,
T,2019-04-10 02:56:39,30.32080105,78.07513260,6,634.000,,0.000,,11,20,,
T,2019-04-10 02:56:40,30.32080113,78.07513266,5,634.000,,0.000,,10,18,,
T,2019-04-10 02:56:41,30.32080123,78.07513251,5,634.000,,0.000,,10,19,,
T,2019-04-10 02:56:42,30.32080128,78.07513244,5,634.000,,0.000,,10,19,,
T,2019-04-10 02:56:43,30.32080130,78.07513225,5,634.000,,0.000,,11,19,,
T,2019-04-10 02:56:44,30.32080133,78.07513220,5,634.000,,0.000,,10,19,,
T,2019-04-10 02:56:45,30.32080135,78.07513217,5,634.000,,0.000,,10,19,,
T,2019-04-10 02:56:46,30.32080142,78.07513223,6,634.000,,0.000,,11,20,,
T,2019-04-10 02:56:47,30.32080146,78.07513227,6,634.000,,0.000,,11,20,,
T,2019-04-10 02:56:48,30.32081144,78.07511851,5,635.000,,2.010,305,13,20,,
T,2019-04-10 02:56:49,30.32082464,78.07509199,6,634.000,,2.100,298,13,17,,
T,2019-04-10 02:56:50,30.32083784,78.07506454,6,634.000,,3.290,293,13,17,,
T,2019-04-10 02:56:51,30.32085006,78.07503063,6,633.000,,3.290,288,12,17,,
T,2019-04-10 02:56:52,30.32086625,78.07498121,6,633.000,,4.890,286,15,20,,
T,2019-04-10 02:56:53,30.32088361,78.07492016,6,632.000,,5.440,286,12,16,,
T,2019-04-10 02:56:54,30.32091502,78.07482810,8,632.000,,5.440,286,12,16,,
T,2019-04-10 02:56:55,30.32093608,78.07476051,6,631.000,,6.480,291,13,20,,
T,2019-04-10 02:56:56,30.32096462,78.07468747,6,631.000,,7.270,292,15,20,,
T,2019-04-10 02:56:57,30.32099477,78.07461836,6,630.000,,7.300,293,13,18,,
T,2019-04-10 02:56:58,30.32101900,78.07455177,5,630.000,,7.450,291,13,18,,
T,2019-04-10 02:56:59,30.32104577,78.07448313,5,630.000,,7.670,290,13,20,,
T,2019-04-10 02:57:00,30.32106968,78.07440827,6,630.000,,7.670,290,14,20,,
T,2019-04-10 02:57:01,30.32109087,78.07432810,5,631.000,,7.710,291,13,19,,
T,2019-04-10 02:57:02,30.32112059,78.07425009,5,631.000,,8.390,292,12,18,,
T,2019-04-10 02:57:03,30.32115137,78.07416475,6,631.000,,8.470,293,13,21,,
T,2019-04-10 02:57:04,30.32117868,78.07408593,5,631.000,,8.580,293,11,18,,
T,2019-04-10 02:57:05,30.32121324,78.07399388,5,632.000,,8.880,295,13,19,,
T,2019-04-10 02:57:06,30.32125235,78.07391673,5,633.000,,8.730,295,12,18,,
T,2019-04-10 02:57:07,30.32129102,78.07383753,6,634.000,,8.820,297,12,20,,
T,2019-04-10 02:57:08,30.32132577,78.07375505,6,634.000,,9.120,297,12,20,,
T,2019-04-10 02:57:09,30.32136261,78.07367013,6,634.000,,9.130,297,12,20,,
T,2019-04-10 02:57:10,30.32138660,78.07358256,6,631.000,,8.580,295,12,19,,
T,2019-04-10 02:57:11,30.32141976,78.07350198,9,631.000,,8.570,295,12,19,,
T,2019-04-10 02:57:12,30.32145150,78.07341943,6,631.000,,8.150,290,14,19,,
T,2019-04-10 02:57:13,30.32145616,78.07334731,6,630.000,,8.050,275,13,19,,
T,2019-04-10 02:57:14,30.32145812,78.07326361,6,631.000,,8.510,267,13,19,,
T,2019-04-10 02:57:15,30.32143660,78.07319554,6,631.000,,7.690,257,14,20,,
T,2019-04-10 02:57:16,30.32142529,78.07310473,6,633.000,,8.410,250,14,20,,
T,2019-04-10 02:57:17,30.32140856,78.07301014,8,633.000,,8.360,249,12,18,,
T,2019-04-10 02:57:18,30.32137809,78.07292575,8,633.000,,8.410,247,12,18,,
T,2019-04-10 02:57:19,30.32134366,78.07284582,9,633.000,,8.760,242,12,18,,
T,2019-04-10 02:57:20,30.32131304,78.07276723,9,633.000,,8.480,248,14,20,,
T,2019-04-10 02:57:21,30.32128491,78.07268517,11,633.000,,8.480,248,14,20,,
T,2019-04-10 02:57:22,30.32127661,78.07262932,11,633.000,,7.320,247,13,18,,
T,2019-04-10 02:57:23,30.32126122,78.07252341,11,633.000,,8.430,254,13,19,,
T,2019-04-10 02:57:24,30.32124613,78.07243572,11,633.000,,7.880,264,10,16,,
T,2019-04-10 02:57:25,30.32123869,78.07235414,12,633.000,,7.880,264,10,16,,
T,2019-04-10 02:57:26,30.32124421,78.07222433,11,632.000,,7.740,277,12,18,,
T,2019-04-10 02:57:27,30.32125253,78.07214444,14,632.000,,7.730,277,12,18,,
T,2019-04-10 02:57:28,30.32129835,78.07205492,11,632.000,,8.940,294,14,19,,
T,2019-04-10 02:57:29,30.32133167,78.07197149,11,639.000,,9.050,300,16,20,,
T,2019-04-10 02:57:30,30.32137609,78.07188599,9,636.000,,9.020,303,13,16,,
T,2019-04-10 02:57:31,30.32142077,78.07181335,9,635.000,,8.990,307,13,18,,
T,2019-04-10 02:57:32,30.32146298,78.07174544,8,634.000,,8.800,308,13,18,,
T,2019-04-10 02:57:33,30.32151221,78.07167390,8,634.000,,8.500,310,13,19,,
T,2019-04-10 02:57:34,30.32155913,78.07161468,8,632.000,,8.590,313,12,18,,
T,2019-04-10 02:57:35,30.32160619,78.07155823,6,630.000,,8.510,314,12,17,,
T,2019-04-10 02:57:36,30.32166425,78.07149640,6,630.000,,8.410,317,8,15,,
T,2019-04-10 02:57:37,30.32172015,78.07144309,6,630.000,,8.240,321,10,20,,
T,2019-04-10 02:57:38,30.32178078,78.07138408,5,630.000,,8.500,322,10,18,,
T,2019-04-10 02:57:39,30.32184209,78.07133172,6,630.000,,8.570,322,10,18,,
T,2019-04-10 02:57:40,30.32189603,78.07127871,6,630.000,,8.310,320,11,17,,
T,2019-04-10 02:57:41,30.32195382,78.07121663,5,632.000,,8.500,317,13,19,,
T,2019-04-10 02:57:42,30.32200632,78.07116304,5,632.000,,7.980,318,11,17,,
T,2019-04-10 02:57:43,30.32206595,78.07110142,6,633.000,,7.870,319,14,18,,
T,2019-04-10 02:57:44,30.32212373,78.07104469,6,633.000,,8.070,319,14,19,,
T,2019-04-10 02:57:45,30.32219079,78.07097272,6,634.000,,8.350,321,14,19,,
T,2019-04-10 02:57:46,30.32225576,78.07090868,5,634.000,,8.510,321,11,18,,
T,2019-04-10 02:57:47,30.32233483,78.07082807,6,634.000,,8.850,320,13,20,,
T,2019-04-10 02:57:48,30.32239483,78.07076716,6,634.000,,8.750,319,12,19,,
T,2019-04-10 02:57:49,30.32245715,78.07070987,6,634.000,,7.540,318,11,17,,
T,2019-04-10 02:57:50,30.32248054,78.07067657,6,633.000,,6.480,316,10,16,,
T,2019-04-10 02:57:51,30.32250556,78.07065051,6,633.000,,4.040,316,11,18,,
T,2019-04-10 02:57:52,30.32252154,78.07063601,5,633.000,,2.290,320,13,19,,
T,2019-04-10 02:57:53,30.32252585,78.07063183,6,633.000,,0.930,315,13,18,,
T,2019-04-10 02:57:54,30.32251669,78.07063429,6,632.000,,0.000,,13,17,,
T,2019-04-10 02:57:55,30.32252116,78.07062956,6,632.000,,0.000,,12,16,,
T,2019-04-10 02:57:56,30.32253500,78.07061188,6,632.000,,1.660,300,12,18,,
T,2019-04-10 02:57:57,30.32254008,78.07059535,6,632.000,,1.840,300,11,18,,
T,2019-04-10 02:57:58,30.32255627,78.07057750,6,632.000,,2.190,304,11,18,,
T,2019-04-10 02:57:59,30.32256692,78.07054691,6,632.000,,3.110,302,12,18,,
T,2019-04-10 02:58:00,30.32256557,78.07052715,5,631.000,,3.470,296,15,19,,
T,2019-04-10 02:58:01,30.32258358,78.07048331,5,631.000,,3.860,294,15,19,,
T,2019-04-10 02:58:02,30.32260846,78.07042731,5,631.000,,4.430,290,15,19,,
T,2019-04-10 02:58:03,30.32262688,78.07038330,5,631.000,,4.900,288,12,18,,
T,2019-04-10 02:58:04,30.32264530,78.07033418,5,631.000,,5.230,287,12,17,,
T,2019-04-10 02:58:05,30.32265324,78.07028252,5,632.000,,5.100,282,13,18,,
T,2019-04-10 02:58:06,30.32266013,78.07023222,5,632.000,,5.440,280,13,18,,
T,2019-04-10 02:58:07,30.32266631,78.07016266,5,631.000,,5.430,278,14,18,,
T,2019-04-10 02:58:08,30.32267369,78.07010052,6,632.000,,5.720,274,13,19,,
T,2019-04-10 02:58:09,30.32266164,78.07001946,6,631.000,,5.930,270,12,18,,
T,2019-04-10 02:58:10,30.32266270,78.06996330,6,632.000,,5.850,271,13,19,,
T,2019-04-10 02:58:11,30.32265292,78.06990464,5,631.000,,6.230,269,12,17,,
T,2019-04-10 02:58:12,30.32264998,78.06983259,5,632.000,,6.410,268,10,17,,
T,2019-04-10 02:58:13,30.32265019,78.06976831,5,632.000,,6.380,268,11,19,,
T,2019-04-10 02:58:14,30.32265214,78.06970092,5,633.000,,6.560,269,11,19,,
T,2019-04-10 02:58:15,30.32265116,78.06963659,5,633.000,,6.690,267,11,19,,
T,2019-04-10 02:58:16,30.32264699,78.06956893,5,633.000,,6.860,266,11,18,,
T,2019-04-10 02:58:17,30.32264305,78.06949799,5,634.000,,6.840,265,11,19,,
T,2019-04-10 02:58:18,30.32263817,78.06941910,5,634.000,,6.880,268,13,19,,
T,2019-04-10 02:58:19,30.32263294,78.06935359,5,635.000,,6.830,269,10,16,,
T,2019-04-10 02:58:20,30.32262678,78.06927640,5,634.000,,6.890,269,13,19,,
T,2019-04-10 02:58:21,30.32262963,78.06920984,5,635.000,,6.860,269,13,19,,
T,2019-04-10 02:58:22,30.32263306,78.06913822,6,635.000,,6.920,271,13,19,,
T,2019-04-10 02:58:23,30.32263876,78.06907014,6,635.000,,6.880,270,11,17,,
T,2019-04-10 02:58:24,30.32263913,78.06899895,6,635.000,,6.960,270,11,18,,
T,2019-04-10 02:58:25,30.32263629,78.06892610,6,636.000,,6.980,272,12,18,,
T,2019-04-10 02:58:26,30.32264686,78.06886117,6,638.000,,6.850,274,13,19,,
T,2019-04-10 02:58:27,30.32265250,78.06879305,6,638.000,,6.750,273,14,20,,
T,2019-04-10 02:58:28,30.32265609,78.06872289,6,638.000,,6.750,273,14,20,,
T,2019-04-10 02:58:29,30.32267403,78.06866358,6,640.000,,6.510,276,13,18,,
T,2019-04-10 02:58:30,30.32268105,78.06859347,6,640.000,,6.440,276,13,18,,
T,2019-04-10 02:58:31,30.32268383,78.06852629,6,641.000,,6.280,272,11,16,,
T,2019-04-10 02:58:32,30.32268012,78.06845894,6,642.000,,5.930,269,12,18,,
T,2019-04-10 02:58:33,30.32267906,78.06840837,6,642.000,,5.200,268,11,17,,
T,2019-04-10 02:58:34,30.32267709,78.06836315,6,643.000,,4.490,268,9,16,,
T,2019-04-10 02:58:35,30.32267126,78.06832216,6,643.000,,4.430,271,13,18,,
T,2019-04-10 02:58:36,30.32268164,78.06827958,6,643.000,,4.410,272,12,16,,
T,2019-04-10 02:58:37,30.32268472,78.06824177,6,643.000,,3.950,273,13,17,,
T,2019-04-10 02:58:38,30.32268724,78.06820537,6,642.000,,3.080,276,10,15,,
T,2019-04-10 02:58:39,30.32269874,78.06817447,6,643.000,,2.820,278,13,18,,
T,2019-04-10 02:58:40,30.32270591,78.06815133,6,644.000,,3.390,275,11,15,,
T,2019-04-10 02:58:41,30.32271942,78.06811388,6,644.000,,3.990,279,12,18,,
T,2019-04-10 02:58:42,30.32272442,78.06807291,5,644.000,,4.450,282,12,18,,
T,2019-04-10 02:58:43,30.32273959,78.06802603,5,644.000,,4.860,285,10,16,,
T,2019-04-10 02:58:44,30.32275816,78.06797981,5,645.000,,5.260,286,10,18,,
T,2019-04-10 02:58:45,30.32276813,78.06793103,5,645.000,,5.200,287,10,16,,
T,2019-04-10 02:58:46,30.32277637,78.06788280,5,645.000,,4.890,285,12,17,,
T,2019-04-10 02:58:47,30.32279105,78.06783027,5,645.000,,5.680,282,12,17,,
T,2019-04-10 02:58:48,30.32280618,78.06777332,5,645.000,,5.860,286,12,17,,
T,2019-04-10 02:58:49,30.32281683,78.06771065,5,644.000,,6.330,283,12,17,,
T,2019-04-10 02:58:50,30.32283058,78.06764255,5,643.000,,6.570,284,13,17,,
T,2019-04-10 02:58:51,30.32286501,78.06757795,5,644.000,,6.810,287,14,19,,
T,2019-04-10 02:58:52,30.32287514,78.06750420,5,644.000,,6.940,288,13,18,,
T,2019-04-10 02:58:53,30.32289137,78.06742650,5,645.000,,7.180,289,11,17,,
T,2019-04-10 02:58:54,30.32290190,78.06737083,5,642.000,,6.940,288,11,17,,
T,2019-04-10 02:58:55,30.32291339,78.06730836,5,639.000,,7.150,289,9,15,,
T,2019-04-10 02:58:56,30.32293906,78.06722475,5,638.000,,7.200,288,12,18,,
T,2019-04-10 02:58:57,30.32295607,78.06715621,5,639.000,,6.950,288,13,17,,
T,2019-04-10 02:58:58,30.32297385,78.06708717,5,638.000,,7.080,287,13,17,,
T,2019-04-10 02:58:59,30.32299286,78.06701798,5,638.000,,6.930,287,12,17,,
T,2019-04-10 02:59:00,30.32301397,78.06694315,5,638.000,,6.980,288,12,17,,
T,2019-04-10 02:59:01,30.32302936,78.06687868,5,638.000,,6.800,287,13,18,,
T,2019-04-10 02:59:02,30.32304889,78.06681517,5,638.000,,6.350,285,11,17,,
T,2019-04-10 02:59:03,30.32306340,78.06675379,5,638.000,,5.940,285,11,17,,
T,2019-04-10 02:59:04,30.32308199,78.06669644,5,638.000,,5.350,289,9,16,,
T,2019-04-10 02:59:05,30.32310557,78.06664245,5,639.000,,5.480,292,12,19,,
T,2019-04-10 02:59:06,30.32312369,78.06658756,5,639.000,,5.850,288,13,19,,
T,2019-04-10 02:59:07,30.32313803,78.06652787,5,640.000,,6.170,289,14,18,,
T,2019-04-10 02:59:08,30.32315440,78.06645466,5,639.000,,6.550,285,11,16,,
T,2019-04-10 02:59:09,30.32316942,78.06639185,5,639.000,,6.230,283,12,18,,
T,2019-04-10 02:59:10,30.32317949,78.06633355,5,639.000,,5.430,282,12,18,,
T,2019-04-10 02:59:11,30.32318955,78.06627826,5,639.000,,5.430,282,13,18,,
T,2019-04-10 02:59:12,30.32320261,78.06623406,5,640.000,,5.050,284,12,18,,
T,2019-04-10 02:59:13,30.32321372,78.06618309,5,640.000,,5.050,284,12,18,,
T,2019-04-10 02:59:14,30.32322807,78.06612084,5,639.000,,5.630,286,13,17,,
T,2019-04-10 02:59:15,30.32323820,78.06605861,5,639.000,,6.050,287,12,17,,
T,2019-04-10 02:59:16,30.32325385,78.06599826,6,639.000,,6.050,287,12,17,,
T,2019-04-10 02:59:17,30.32328156,78.06593122,5,639.000,,6.730,292,13,19,,
T,2019-04-10 02:59:18,30.32330446,78.06586631,6,639.000,,6.730,292,13,19,,
T,2019-04-10 02:59:19,30.32330825,78.06578558,5,638.000,,7.260,290,11,17,,
T,2019-04-10 02:59:20,30.32332503,78.06571193,5,638.000,,7.300,289,10,18,,
T,2019-04-10 02:59:21,30.32334675,78.06564020,5,638.000,,7.300,289,10,18,,
T,2019-04-10 02:59:22,30.32335778,78.06556562,6,638.000,,7.740,286,8,16,,
T,2019-04-10 02:59:23,30.32338157,78.06548207,6,638.000,,8.220,286,9,16,,
T,2019-04-10 02:59:24,30.32339236,78.06538712,8,635.000,,8.530,287,10,17,,
T,2019-04-10 02:59:25,30.32341570,78.06530314,8,637.000,,8.150,286,9,18,,
T,2019-04-10 02:59:26,30.32345643,78.06522431,8,636.000,,8.770,289,10,18,,
T,2019-04-10 02:59:27,30.32348324,78.06513906,6,635.000,,8.820,290,14,30,,
T,2019-04-10 02:59:28,30.32351329,78.06506147,8,642.000,,8.420,291,16,31,,
T,2019-04-10 02:59:29,30.32354058,78.06498294,6,639.000,,8.060,290,13,17,,
T,2019-04-10 02:59:30,30.32356398,78.06491000,6,637.000,,7.250,289,11,18,,
T,2019-04-10 02:59:31,30.32359162,78.06484527,6,637.000,,6.600,293,11,18,,
T,2019-04-10 02:59:32,30.32360816,78.06478696,6,636.000,,6.690,288,11,16,,
T,2019-04-10 02:59:33,30.32362937,78.06470904,5,636.000,,6.520,278,10,16,,
T,2019-04-10 02:59:34,30.32363723,78.06464177,6,636.000,,6.520,278,10,16,,
T,2019-04-10 02:59:35,30.32367021,78.06456839,5,635.000,,6.730,286,10,16,,
T,2019-04-10 02:59:36,30.32368833,78.06450038,5,636.000,,6.880,289,12,18,,
T,2019-04-10 02:59:37,30.32371181,78.06443251,5,636.000,,6.960,289,13,18,,
T,2019-04-10 02:59:38,30.32373325,78.06436389,5,636.000,,6.930,288,10,15,,
T,2019-04-10 02:59:39,30.32375286,78.06429547,5,636.000,,6.930,288,10,15,,
T,2019-04-10 02:59:40,30.32377818,78.06422284,5,637.000,,7.030,289,10,16,,
T,2019-04-10 02:59:41,30.32379821,78.06415948,5,637.000,,6.470,292,12,18,,
T,2019-04-10 02:59:42,30.32382235,78.06409650,5,638.000,,6.160,292,13,17,,
T,2019-04-10 02:59:43,30.32384583,78.06403179,5,638.000,,5.890,292,12,17,,
T,2019-04-10 02:59:44,30.32386249,78.06397706,6,639.000,,5.820,291,13,18,,
T,2019-04-10 02:59:45,30.32388027,78.06392162,6,640.000,,5.490,293,14,18,,
T,2019-04-10 02:59:46,30.32389960,78.06386897,8,640.000,,5.490,293,14,18,,
T,2019-04-10 02:59:47,30.32390787,78.06380703,6,641.000,,5.700,285,12,17,,
T,2019-04-10 02:59:48,30.32392975,78.06375428,6,642.000,,5.510,285,10,16,,
T,2019-04-10 02:59:49,30.32394258,78.06369890,8,642.000,,5.510,285,10,16,,
T,2019-04-10 02:59:50,30.32393037,78.06370088,6,641.000,,2.630,284,12,16,,
T,2019-04-10 02:59:51,30.32393650,78.06368470,5,641.000,,1.430,284,11,16,,
T,2019-04-10 02:59:52,30.32393799,78.06366986,6,640.000,,1.430,284,11,16,,
T,2019-04-10 02:59:53,30.32392958,78.06367940,5,638.000,,0.000,,11,16,,
T,2019-04-10 02:59:54,30.32392979,78.06368156,5,638.000,,0.000,,9,14,,
T,2019-04-10 02:59:55,30.32393371,78.06367949,6,639.000,,0.000,,9,14,,
T,2019-04-10 02:59:56,30.32393371,78.06367949,6,638.000,,0.000,,11,16,,
T,2019-04-10 02:59:57,30.32393772,78.06367911,6,638.000,,0.000,,12,17,,
T,2019-04-10 02:59:58,30.32393900,78.06368128,8,639.000,,0.000,,12,17,,
T,2019-04-10 02:59:59,30.32393851,78.06368301,6,638.000,,0.000,,10,14,,
T,2019-04-10 03:00:00,30.32393545,78.06368297,6,638.000,,0.000,,9,15,,
T,2019-04-10 03:00:01,30.32393545,78.06368297,6,638.000,,0.000,,9,15,,
T,2019-04-10 03:00:02,30.32393636,78.06368033,6,639.000,,0.000,,12,17,,
T,2019-04-10 03:00:03,30.32393707,78.06368052,6,639.000,,0.000,,11,16,,
T,2019-04-10 03:00:04,30.32393732,78.06368002,6,639.000,,0.000,,11,14,,
T,2019-04-10 03:00:05,30.32393735,78.06367991,6,639.000,,0.000,,9,16,,
T,2019-04-10 03:00:06,30.32393735,78.06367991,6,639.000,,0.000,,9,16,,
T,2019-04-10 03:00:07,30.32393735,78.06367996,6,639.000,,0.000,,11,15,,
T,2019-04-10 03:00:08,30.32393735,78.06367991,5,639.000,,0.000,,9,16,,
T,2019-04-10 03:00:09,30.32393735,78.06367991,5,639.000,,0.000,,9,16,,
T,2019-04-10 03:00:10,30.32395428,78.06364600,5,638.000,,2.460,291,13,18,,
T,2019-04-10 03:00:11,30.32396717,78.06361986,6,638.000,,2.500,291,7,12,,
T,2019-04-10 03:00:12,30.32397523,78.06359551,6,639.000,,2.500,291,7,12,,
T,2019-04-10 03:00:13,30.32396942,78.06355552,5,638.000,,2.640,289,14,29,,
T,2019-04-10 03:00:14,30.32397666,78.06350866,5,638.000,,2.920,289,13,18,,
T,2019-04-10 03:00:15,30.32397816,78.06348138,5,639.000,,3.440,288,14,18,,
T,2019-04-10 03:00:16,30.32398562,78.06345048,5,639.000,,3.970,288,12,16,,
T,2019-04-10 03:00:17,30.32399183,78.06342866,5,639.000,,1.800,288,12,16,,
T,2019-04-10 03:00:18,30.32399669,78.06340533,6,637.000,,1.930,287,3,29,,
T,2019-04-10 03:00:19,30.32400106,78.06338286,6,637.000,,1.500,287,15,29,,
T,2019-04-10 03:00:20,30.32400248,78.06335587,6,638.000,,0.000,,15,29,,
T,2019-04-10 03:00:21,30.32401917,78.06323057,6,636.000,,4.140,280,19,30,,
T,2019-04-10 03:00:22,30.32401728,78.06318855,6,636.000,,3.940,278,19,30,,
T,2019-04-10 03:00:23,30.32402496,78.06314872,5,636.000,,3.750,279,23,30,,
T,2019-04-10 03:00:24,30.32403444,78.06311577,5,636.000,,3.410,281,23,30,,
T,2019-04-10 03:00:25,30.32403718,78.06307702,5,637.000,,3.610,280,23,30,,
T,2019-04-10 03:00:26,30.32404317,78.06304476,5,637.000,,3.090,280,23,31,,
T,2019-04-10 03:00:27,30.32404511,78.06301582,5,637.000,,2.790,277,23,31,,
T,2019-04-10 03:00:28,30.32405249,78.06298748,5,638.000,,2.770,276,23,31,,
T,2019-04-10 03:00:29,30.32405427,78.06296089,5,638.000,,2.890,281,23,31,,
T,2019-04-10 03:00:30,30.32405766,78.06292599,5,638.000,,3.360,280,23,33,,
T,2019-04-10 03:00:31,30.32406726,78.06289511,5,639.000,,3.230,280,23,33,,
T,2019-04-10 03:00:32,30.32407381,78.06286239,5,639.000,,2.990,279,24,33,,
T,2019-04-10 03:00:33,30.32408051,78.06282937,5,639.000,,3.250,281,24,33,,
T,2019-04-10 03:00:34,30.32408800,78.06279004,5,640.000,,3.610,280,24,33,,
T,2019-04-10 03:00:35,30.32409688,78.06275305,5,640.000,,3.270,284,24,33,,
T,2019-04-10 03:00:36,30.32410400,78.06271743,5,639.000,,3.490,281,24,33,,
T,2019-04-10 03:00:37,30.32410965,78.06268053,5,639.000,,3.510,279,24,33,,
T,2019-04-10 03:00:38,30.32411427,78.06264193,5,639.000,,3.670,276,24,33,,
T,2019-04-10 03:00:39,30.32411819,78.06260443,5,639.000,,3.420,276,24,33,,
T,2019-04-10 03:00:40,30.32412233,78.06256925,5,639.000,,3.270,277,25,33,,
T,2019-04-10 03:00:41,30.32412824,78.06253578,5,638.000,,3.420,280,25,33,,
T,2019-04-10 03:00:42,30.32413336,78.06250041,5,638.000,,3.510,278,25,34,,
T,2019-04-10 03:00:43,30.32413886,78.06245923,5,638.000,,4.350,278,25,34,,
T,2019-04-10 03:00:44,30.32414407,78.06241487,5,638.000,,4.090,277,25,34,,
T,2019-04-10 03:00:45,30.32415052,78.06236863,5,638.000,,4.380,277,25,34,,
T,2019-04-10 03:00:46,30.32415644,78.06232039,5,639.000,,4.390,276,25,34,,
T,2019-04-10 03:00:47,30.32416116,78.06227333,5,641.000,,4.330,274,26,34,,
T,2019-04-10 03:00:48,30.32416567,78.06222741,5,642.000,,4.250,273,27,34,,
T,2019-04-10 03:00:49,30.32416922,78.06218174,5,641.000,,4.280,273,27,34,,
T,2019-04-10 03:00:50,30.32417268,78.06213678,5,641.000,,4.320,274,27,34,,
T,2019-04-10 03:00:51,30.32417587,78.06209309,5,641.000,,4.120,274,27,34,,
T,2019-04-10 03:00:52,30.32417954,78.06205186,5,642.000,,3.930,275,27,34,,
T,2019-04-10 03:00:53,30.32418348,78.06201279,5,642.000,,3.760,276,27,34,,
T,2019-04-10 03:00:54,30.32418856,78.06197589,5,640.000,,3.690,278,17,23,,
T,2019-04-10 03:00:55,30.32419102,78.06196084,5,641.000,,0.170,277,15,21,,
T,2019-04-10 03:00:56,30.32419538,78.06193583,5,642.000,,3.410,278,18,33,,
T,2019-04-10 03:00:57,30.32420127,78.06189201,5,642.000,,3.770,277,18,33,,
T,2019-04-10 03:00:58,30.32420670,78.06184865,5,642.000,,3.590,277,18,33,,
T,2019-04-10 03:00:59,30.32421121,78.06178405,6,642.000,,3.420,276,22,34,,
T,2019-04-10 03:01:00,30.32421460,78.06175316,6,642.000,,3.280,275,22,34,,
T,2019-04-10 03:01:01,30.32421948,78.06171729,5,642.000,,3.010,277,22,34,,
T,2019-04-10 03:01:02,30.32423091,78.06169284,5,642.000,,2.980,277,22,34,,
T,2019-04-10 03:01:03,30.32423190,78.06165802,5,642.000,,3.350,272,22,34,,
T,2019-04-10 03:01:04,30.32423292,78.06162309,5,642.000,,3.450,272,23,34,,
T,2019-04-10 03:01:05,30.32423150,78.06159182,5,642.000,,3.090,272,23,34,,
T,2019-04-10 03:01:06,30.32423147,78.06156237,5,642.000,,2.920,273,24,34,,
T,2019-04-10 03:01:07,30.32423293,78.06153775,5,642.000,,1.770,278,24,34,,
T,2019-04-10 03:01:08,30.32423544,78.06151661,5,643.000,,1.840,276,25,34,,
T,2019-04-10 03:01:09,30.32423739,78.06149461,5,643.000,,1.900,278,25,34,,
T,2019-04-10 03:01:10,30.32423911,78.06147493,5,642.000,,1.480,278,25,34,,
T,2019-04-10 03:01:11,30.32423869,78.06146593,5,642.000,,0.000,,25,34,,
T,2019-04-10 03:01:12,30.32424040,78.06144517,5,642.000,,2.830,280,25,34,,
T,2019-04-10 03:01:13,30.32424256,78.06140941,5,643.000,,3.030,277,26,34,,
T,2019-04-10 03:01:14,30.32424608,78.06137305,5,643.000,,3.110,282,26,34,,
T,2019-04-10 03:01:15,30.32425159,78.06133214,5,643.000,,3.850,279,26,34,,
T,2019-04-10 03:01:16,30.32425898,78.06129182,5,644.000,,3.340,283,26,34,,
T,2019-04-10 03:01:17,30.32426483,78.06121879,5,644.000,,3.020,277,26,34,,
T,2019-04-10 03:01:18,30.32427176,78.06119190,5,645.000,,2.950,280,26,34,,
T,2019-04-10 03:01:19,30.32427393,78.06116544,5,645.000,,2.740,279,26,34,,
T,2019-04-10 03:01:20,30.32427222,78.06114345,5,644.000,,2.590,274,26,34,,
T,2019-04-10 03:01:21,30.32426951,78.06111706,5,645.000,,2.090,274,26,34,,
T,2019-04-10 03:01:22,30.32427678,78.06109792,5,645.000,,1.960,274,26,34,,
T,2019-04-10 03:01:23,30.32427053,78.06107985,5,645.000,,1.650,274,26,34,,
T,2019-04-10 03:01:24,30.32427336,78.06106437,5,645.000,,1.850,274,26,34,,
T,2019-04-10 03:01:25,30.32427144,78.06104380,5,645.000,,1.850,274,26,34,,
T,2019-04-10 03:01:26,30.32427146,78.06102749,5,645.000,,1.910,274,24,34,,
T,2019-04-10 03:01:27,30.32427711,78.06100153,5,644.000,,2.550,277,24,34,,
T,2019-04-10 03:01:28,30.32427826,78.06096716,5,643.000,,2.920,271,24,34,,
T,2019-04-10 03:01:29,30.32427424,78.06092539,5,643.000,,2.620,274,16,22,,
T,2019-04-10 03:01:30,30.32427163,78.06089975,5,644.000,,2.450,267,10,20,,
T,2019-04-10 03:01:31,30.32426391,78.06088340,5,643.000,,1.480,267,11,22,,
T,2019-04-10 03:01:32,30.32425992,78.06086878,5,643.000,,1.470,267,11,22,,
T,2019-04-10 03:01:33,30.32426867,78.06087913,5,642.000,,0.000,,10,21,,
T,2019-04-10 03:01:34,30.32426957,78.06087729,5,642.000,,0.000,,12,22,,
T,2019-04-10 03:01:35,30.32427379,78.06087802,6,642.000,,0.000,,8,18,,
T,2019-04-10 03:01:36,30.32427559,78.06087394,6,642.000,,0.000,,8,21,,
T,2019-04-10 03:01:37,30.32427325,78.06087464,6,642.000,,0.000,,9,32,,
T,2019-04-10 03:01:38,30.32427415,78.06087352,6,642.000,,0.000,,9,32,,
T,2019-04-10 03:01:39,30.32426783,78.06087060,6,642.000,,0.000,,10,17,,
T,2019-04-10 03:01:40,30.32426881,78.06084960,6,642.000,,1.680,274,8,17,,
T,2019-04-10 03:01:41,30.32426978,78.06083217,8,642.000,,1.670,274,8,17,,
T,2019-04-10 03:01:42,30.32427546,78.06080852,6,642.000,,1.640,273,11,20,,
T,2019-04-10 03:01:43,30.32427772,78.06078683,6,641.000,,2.160,282,10,19,,
T,2019-04-10 03:01:44,30.32428114,78.06076359,8,641.000,,2.170,282,10,19,,
T,2019-04-10 03:01:45,30.32428581,78.06073682,6,641.000,,2.740,281,12,19,,
T,2019-04-10 03:01:46,30.32429247,78.06070439,6,642.000,,3.420,281,12,19,,
T,2019-04-10 03:01:47,30.32429454,78.06066343,6,642.000,,3.860,276,10,17,,
T,2019-04-10 03:01:48,30.32429652,78.06061882,6,643.000,,4.270,273,9,19,,
T,2019-04-10 03:01:49,30.32429691,78.06057248,8,643.000,,4.270,271,9,19,,
T,2019-04-10 03:01:50,30.32429448,78.06052588,6,640.000,,4.680,275,10,18,,
T,2019-04-10 03:01:51,30.32429693,78.06047213,6,640.000,,4.970,274,10,18,,
T,2019-04-10 03:01:52,30.32430067,78.06041772,8,640.000,,4.970,275,10,18,,
T,2019-04-10 03:01:53,30.32430595,78.06034731,8,640.000,,5.360,279,6,15,,
T,2019-04-10 03:01:54,30.32431341,78.06029226,11,640.000,,5.350,279,6,15,,
T,2019-04-10 03:01:55,30.32431617,78.06021683,11,639.000,,6.330,274,6,15,,
T,2019-04-10 03:01:56,30.32432983,78.06014703,9,639.000,,6.530,278,13,29,,
T,2019-04-10 03:01:57,30.32434535,78.06008039,8,640.000,,6.640,276,13,29,,
T,2019-04-10 03:01:58,30.32436151,78.06001534,8,641.000,,6.820,277,18,30,,
T,2019-04-10 03:01:59,30.32436622,78.05994889,6,641.000,,7.220,275,19,31,,
T,2019-04-10 03:02:00,30.32437402,78.05988489,5,641.000,,6.870,273,22,31,,
T,2019-04-10 03:02:01,30.32437055,78.05981514,5,642.000,,6.770,274,23,31,,
T,2019-04-10 03:02:02,30.32437713,78.05974996,5,641.000,,6.970,276,22,31,,
T,2019-04-10 03:02:03,30.32438993,78.05967567,5,642.000,,7.190,277,23,31,,
T,2019-04-10 03:02:04,30.32440112,78.05960192,5,642.000,,7.040,278,23,32,,
T,2019-04-10 03:02:05,30.32440855,78.05953078,5,642.000,,6.930,279,23,32,,
T,2019-04-10 03:02:06,30.32441125,78.05945344,5,642.000,,6.640,279,23,32,,
T,2019-04-10 03:02:07,30.32442248,78.05938929,5,641.000,,6.460,277,24,32,,
T,2019-04-10 03:02:08,30.32442793,78.05931357,5,640.000,,7.240,278,24,32,,
T,2019-04-10 03:02:09,30.32442727,78.05924950,5,640.000,,6.570,272,24,32,,
T,2019-04-10 03:02:10,30.32442613,78.05921157,5,640.000,,4.470,272,24,32,,
T,2019-04-10 03:02:11,30.32443013,78.05918026,5,639.000,,3.190,273,25,32,,
T,2019-04-10 03:02:12,30.32443250,78.05915186,5,639.000,,2.580,281,25,32,,
T,2019-04-10 03:02:13,30.32443160,78.05914016,5,639.000,,1.570,273,26,32,,
T,2019-04-10 03:02:14,30.32444796,78.05910061,5,638.000,,2.490,283,26,32,,
T,2019-04-10 03:02:15,30.32444735,78.05906933,5,638.000,,2.440,277,26,32,,
T,2019-04-10 03:02:16,30.32445192,78.05903499,5,638.000,,3.390,278,25,32,,
T,2019-04-10 03:02:17,30.32444756,78.05899100,5,638.000,,3.800,270,26,32,,
T,2019-04-10 03:02:18,30.32444356,78.05894205,5,638.000,,4.530,267,26,32,,
T,2019-04-10 03:02:19,30.32444019,78.05888840,5,639.000,,4.930,267,26,32,,
T,2019-04-10 03:02:20,30.32443466,78.05883215,5,639.000,,5.050,266,26,32,,
T,2019-04-10 03:02:21,30.32444207,78.05876653,5,640.000,,5.490,272,26,32,,
T,2019-04-10 03:02:22,30.32444760,78.05870399,5,641.000,,5.650,272,25,32,,
T,2019-04-10 03:02:23,30.32444779,78.05863552,5,641.000,,6.030,273,25,32,,
T,2019-04-10 03:02:24,30.32445539,78.05856550,5,641.000,,6.390,274,25,32,,
T,2019-04-10 03:02:25,30.32445101,78.05849769,5,641.000,,6.740,276,24,32,,
T,2019-04-10 03:02:26,30.32444643,78.05843186,5,640.000,,6.620,271,24,32,,
T,2019-04-10 03:02:27,30.32443849,78.05836954,5,639.000,,6.240,271,24,32,,
T,2019-04-10 03:02:28,30.32444005,78.05831344,5,640.000,,5.900,268,23,32,,
T,2019-04-10 03:02:29,30.32443420,78.05826669,5,640.000,,5.240,267,23,32,,
T,2019-04-10 03:02:30,30.32443588,78.05822785,5,640.000,,3.860,265,23,32,,
T,2019-04-10 03:02:31,30.32442838,78.05819506,5,639.000,,2.550,257,23,32,,
T,2019-04-10 03:02:32,30.32442791,78.05817480,5,640.000,,1.620,258,23,32,,
T,2019-04-10 03:02:33,30.32443078,78.05817475,5,640.000,,0.590,258,23,32,,
T,2019-04-10 03:02:34,30.32443241,78.05817702,5,640.000,,0.000,,23,32,,
T,2019-04-10 03:02:35,30.32443163,78.05817868,5,640.000,,0.000,,23,32,,
T,2019-04-10 03:02:36,30.32443092,78.05818281,5,640.000,,0.000,,23,32,,
T,2019-04-10 03:02:37,30.32443173,78.05818365,5,640.000,,0.000,,23,32,,
T,2019-04-10 03:02:38,30.32443173,78.05818385,5,640.000,,0.000,,22,32,,
T,2019-04-10 03:02:39,30.32443139,78.05818282,5,640.000,,0.000,,22,32,,
T,2019-04-10 03:02:40,30.32443201,78.05818190,5,640.000,,0.000,,22,32,,
T,2019-04-10 03:02:41,30.32443380,78.05818209,5,640.000,,0.000,,22,32,,
T,2019-04-10 03:02:42,30.32443394,78.05818421,5,640.000,,0.000,,22,32,,
T,2019-04-10 03:02:43,30.32442829,78.05818192,5,640.000,,0.490,258,22,32,,
T,2019-04-10 03:02:44,30.32442807,78.05818714,5,639.000,,0.000,,22,32,,
T,2019-04-10 03:02:45,30.32442754,78.05818889,5,640.000,,0.000,,22,32,,
T,2019-04-10 03:02:46,30.32442815,78.05818679,5,640.000,,0.000,,22,32,,
T,2019-04-10 03:02:47,30.32442807,78.05818887,5,640.000,,0.000,,22,32,,
T,2019-04-10 03:02:48,30.32442734,78.05818797,6,640.000,,0.000,,22,32,,
T,2019-04-10 03:02:49,30.32442689,78.05818942,6,640.000,,0.000,,22,32,,
T,2019-04-10 03:02:50,30.32442634,78.05818955,8,640.000,,0.000,,22,32,,
T,2019-04-10 03:02:51,30.32442551,78.05819091,8,640.000,,0.000,,21,32,,
T,2019-04-10 03:02:52,30.32442626,78.05819173,8,640.000,,0.000,,21,32,,
T,2019-04-10 03:02:53,30.32444288,78.05818838,6,640.000,,0.740,288,21,32,,
T,2019-04-10 03:02:54,30.32445511,78.05817712,6,642.000,,1.610,289,21,32,,
T,2019-04-10 03:02:55,30.32445835,78.05815542,6,643.000,,1.880,286,21,32,,
T,2019-04-10 03:02:56,30.32448647,78.05813717,6,643.000,,2.220,286,21,32,,
T,2019-04-10 03:02:57,30.32448278,78.05810356,6,645.000,,2.400,270,21,32,,
T,2019-04-10 03:02:58,30.32448256,78.05807138,6,644.000,,2.560,270,22,32,,
T,2019-04-10 03:02:59,30.32449845,78.05803128,5,645.000,,3.330,291,21,32,,
T,2019-04-10 03:03:00,30.32448766,78.05798448,5,645.000,,3.740,274,21,32,,
T,2019-04-10 03:03:01,30.32447575,78.05793644,5,646.000,,3.940,269,21,32,,
T,2019-04-10 03:03:02,30.32446890,78.05789855,5,646.000,,4.100,262,21,32,,
T,2019-04-10 03:03:03,30.32446278,78.05785378,5,645.000,,4.170,265,22,32,,
T,2019-04-10 03:03:04,30.32446206,78.05781426,5,645.000,,3.700,270,23,32,,
T,2019-04-10 03:03:05,30.32445839,78.05777158,14,646.000,,4.100,266,23,32,,
T,2019-04-10 03:03:06,30.32445169,78.05772386,14,647.000,,4.800,266,24,32,,
T,2019-04-10 03:03:07,30.32444671,78.05767391,14,648.000,,4.490,264,24,32,,
T,2019-04-10 03:03:08,30.32444053,78.05762711,14,648.000,,4.350,264,24,32,,
T,2019-04-10 03:03:09,30.32443344,78.05758133,14,649.000,,4.370,263,24,32,,
T,2019-04-10 03:03:10,30.32442504,78.05753557,14,649.000,,4.440,261,24,32,,
T,2019-04-10 03:03:11,30.32441023,78.05745957,14,649.000,,5.360,264,25,32,,
T,2019-04-10 03:03:12,30.32440763,78.05740942,14,649.000,,5.500,263,25,32,,
T,2019-04-10 03:03:13,30.32440316,78.05734389,14,651.000,,5.920,267,25,32,,
T,2019-04-10 03:03:14,30.32439956,78.05728758,14,651.000,,5.970,265,25,32,,
T,2019-04-10 03:03:15,30.32439532,78.05720592,14,651.000,,6.550,266,25,32,,
T,2019-04-10 03:03:16,30.32438199,78.05714541,14,651.000,,6.550,262,25,32,,
T,2019-04-10 03:03:17,30.32439330,78.05706309,14,651.000,,7.140,275,24,33,,
T,2019-04-10 03:03:18,30.32440008,78.05701856,14,650.000,,5.750,282,25,33,,
T,2019-04-10 03:03:19,30.32440967,78.05694316,14,649.000,,6.170,280,25,33,,
T,2019-04-10 03:03:20,30.32443218,78.05686143,14,644.000,,7.320,288,25,33,,
T,2019-04-10 03:03:21,30.32442480,78.05681222,14,645.000,,6.600,284,25,33,,
T,2019-04-10 03:03:22,30.32445735,78.05672433,14,646.000,,7.170,288,25,33,,
T,2019-04-10 03:03:23,30.32448475,78.05665248,14,647.000,,6.620,289,25,33,,
T,2019-04-10 03:03:24,30.32450438,78.05658040,14,647.000,,6.530,290,25,33,,
T,2019-04-10 03:03:25,30.32452080,78.05651645,14,646.000,,6.150,293,25,33,,
T,2019-04-10 03:03:26,30.32453647,78.05647197,14,647.000,,5.970,289,25,33,,
T,2019-04-10 03:03:27,30.32455124,78.05642389,14,647.000,,5.430,290,25,33,,
T,2019-04-10 03:03:28,30.32456583,78.05637386,14,647.000,,5.670,288,25,33,,
T,2019-04-10 03:03:29,30.32459038,78.05631262,14,648.000,,5.970,290,25,33,,
T,2019-04-10 03:03:30,30.32459550,78.05627320,14,649.000,,5.220,286,25,33,,
T,2019-04-10 03:03:31,30.32460019,78.05623423,14,651.000,,4.440,286,25,33,,
T,2019-04-10 03:03:32,30.32461730,78.05619452,14,652.000,,4.040,286,25,33,,
T,2019-04-10 03:03:33,30.32462148,78.05615246,14,653.000,,3.790,283,24,33,,
T,2019-04-10 03:03:34,30.32462987,78.05610457,14,653.000,,3.720,277,23,33,,
T,2019-04-10 03:03:35,30.32462867,78.05607667,14,654.000,,3.070,268,22,33,,
T,2019-04-10 03:03:36,30.32463055,78.05604434,14,655.000,,3.130,271,22,33,,
T,2019-04-10 03:03:37,30.32464365,78.05601555,14,655.000,,2.720,288,22,33,,
T,2019-04-10 03:03:38,30.32465096,78.05601269,14,655.000,,1.150,291,22,33,,
T,2019-04-10 03:03:39,30.32465018,78.05602224,14,655.000,,0.240,270,22,33,,
T,2019-04-10 03:03:40,30.32465026,78.05602435,14,656.000,,0.000,,22,33,,
T,2019-04-10 03:03:41,30.32465283,78.05602468,14,657.000,,0.000,,22,33,,
T,2019-04-10 03:03:42,30.32465368,78.05602420,14,658.000,,0.000,,22,33,,
T,2019-04-10 03:03:43,30.32465013,78.05602566,14,658.000,,0.000,,23,33,,
T,2019-04-10 03:03:44,30.32464532,78.05602753,14,658.000,,0.000,,23,33,,
T,2019-04-10 03:03:45,30.32464378,78.05602772,14,659.000,,0.160,270,23,33,,
T,2019-04-10 03:03:46,30.32464333,78.05602921,14,660.000,,0.000,,23,33,,
T,2019-04-10 03:03:47,30.32464529,78.05601873,14,659.000,,1.310,286,23,33,,
T,2019-04-10 03:03:48,30.32464719,78.05599646,14,659.000,,2.170,274,24,33,,
T,2019-04-10 03:03:49,30.32464760,78.05596898,14,659.000,,2.280,277,23,33,,
T,2019-04-10 03:03:50,30.32464894,78.05593973,14,659.000,,2.340,276,24,33,,
T,2019-04-10 03:03:51,30.32465254,78.05590426,14,660.000,,3.210,280,24,33,,
T,2019-04-10 03:03:52,30.32465811,78.05586457,14,660.000,,3.400,281,24,33,,
T,2019-04-10 03:03:53,30.32466437,78.05582350,14,660.000,,3.400,281,24,33,,
T,2019-04-10 03:03:54,30.32467027,78.05578216,14,659.000,,3.520,280,24,33,,
T,2019-04-10 03:03:55,30.32467626,78.05573701,14,660.000,,4.020,280,24,33,,
T,2019-04-10 03:03:56,30.32468350,78.05568875,14,660.000,,4.200,280,24,34,,
T,2019-04-10 03:03:57,30.32469172,78.05564070,14,660.000,,4.150,281,23,34,,
T,2019-04-10 03:03:58,30.32470035,78.05559077,14,659.000,,4.590,281,23,34,,
T,2019-04-10 03:03:59,30.32470914,78.05554751,14,660.000,,3.530,283,23,34,,
T,2019-04-10 03:04:00,30.32471664,78.05550748,14,659.000,,3.920,283,24,34,,
T,2019-04-10 03:04:01,30.32472511,78.05545825,14,659.000,,4.740,282,24,34,,
T,2019-04-10 03:04:02,30.32476054,78.05537902,14,659.000,,5.920,293,24,34,,
T,2019-04-10 03:04:03,30.32477216,78.05532386,14,660.000,,5.910,289,24,34,,
T,2019-04-10 03:04:04,30.32477586,78.05525303,14,660.000,,6.490,280,25,34,,
T,2019-04-10 03:04:05,30.32477640,78.05517937,14,659.000,,6.970,278,25,34,,
T,2019-04-10 03:04:06,30.32478883,78.05510747,14,659.000,,6.710,280,25,34,,
T,2019-04-10 03:04:07,30.32479402,78.05502878,14,659.000,,6.570,277,25,34,,
T,2019-04-10 03:04:08,30.32480679,78.05494902,14,659.000,,6.580,279,25,34,,
T,2019-04-10 03:04:09,30.32481868,78.05488237,14,660.000,,5.790,283,25,34,,
T,2019-04-10 03:04:10,30.32482503,78.05482528,14,661.000,,4.840,280,25,34,,
T,2019-04-10 03:04:11,30.32483570,78.05473979,14,660.000,,6.610,276,25,34,,
T,2019-04-10 03:04:12,30.32484438,78.05466342,14,659.000,,6.800,277,25,34,,
T,2019-04-10 03:04:13,30.32485770,78.05460029,14,659.000,,6.580,280,25,34,,
T,2019-04-10 03:04:14,30.32486422,78.05452243,14,658.000,,7.000,278,25,34,,
T,2019-04-10 03:04:15,30.32487800,78.05445876,14,658.000,,7.060,280,25,34,,
T,2019-04-10 03:04:16,30.32488955,78.05439262,14,659.000,,6.320,278,25,34,,
T,2019-04-10 03:04:17,30.32489492,78.05432863,14,658.000,,6.510,276,25,34,,
T,2019-04-10 03:04:18,30.32490421,78.05426670,14,658.000,,5.960,280,25,34,,
T,2019-04-10 03:04:19,30.32490780,78.05422973,14,660.000,,4.270,282,25,34,,
T,2019-04-10 03:04:20,30.32491983,78.05416704,14,658.000,,4.260,285,25,34,,
T,2019-04-10 03:04:21,30.32492060,78.05412459,14,658.000,,3.650,276,25,34,,
T,2019-04-10 03:04:22,30.32492228,78.05408280,14,658.000,,3.480,273,25,34,,
T,2019-04-10 03:04:23,30.32492913,78.05406314,14,659.000,,2.710,281,25,34,,
T,2019-04-10 03:04:24,30.32493469,78.05401556,14,658.000,,3.760,283,25,34,,
T,2019-04-10 03:04:25,30.32493573,78.05396302,14,659.000,,4.150,275,25,34,,
T,2019-04-10 03:04:26,30.32493861,78.05392374,14,658.000,,3.340,277,25,34,,
T,2019-04-10 03:04:27,30.32493650,78.05388727,14,657.000,,2.200,281,25,34,,
T,2019-04-10 03:04:28,30.32493762,78.05385014,14,656.000,,2.340,275,25,34,,
T,2019-04-10 03:04:29,30.32494015,78.05382433,14,656.000,,2.310,280,25,34,,
T,2019-04-10 03:04:30,30.32494235,78.05377423,14,655.000,,3.250,274,25,34,,
T,2019-04-10 03:04:31,30.32494160,78.05373052,14,654.000,,3.400,273,25,34,,
T,2019-04-10 03:04:32,30.32494769,78.05369297,14,654.000,,3.930,276,25,34,,
T,2019-04-10 03:04:33,30.32494973,78.05365176,14,655.000,,4.160,274,25,34,,
T,2019-04-10 03:04:34,30.32495044,78.05360234,14,655.000,,4.490,271,25,34,,
T,2019-04-10 03:04:35,30.32494888,78.05354777,14,655.000,,4.880,270,25,34,,
T,2019-04-10 03:04:36,30.32495388,78.05348292,14,652.000,,4.520,271,24,34,,
T,2019-04-10 03:04:37,30.32495552,78.05345452,14,651.000,,0.450,269,24,34,,
T,2019-04-10 03:04:38,30.32495551,78.05343934,14,650.000,,1.580,269,24,34,,
T,2019-04-10 03:04:39,30.32495400,78.05340215,14,649.000,,3.660,269,24,34,,
T,2019-04-10 03:04:40,30.32494777,78.05328999,14,648.000,,5.490,269,25,34,,
T,2019-04-10 03:04:41,30.32494292,78.05317511,14,647.000,,5.490,269,25,34,,
T,2019-04-10 03:04:42,30.32493888,78.05311726,14,646.000,,5.480,267,25,34,,
T,2019-04-10 03:04:43,30.32493581,78.05307053,14,646.000,,5.240,264,25,34,,
T,2019-04-10 03:04:44,30.32493663,78.05301727,14,647.000,,4.840,267,24,34,,
T,2019-04-10 03:04:45,30.32493623,78.05297451,14,647.000,,4.680,267,24,34,,
T,2019-04-10 03:04:46,30.32493723,78.05293151,14,648.000,,4.760,270,24,34,,
T,2019-04-10 03:04:47,30.32493591,78.05288554,14,647.000,,4.480,269,24,34,,
T,2019-04-10 03:04:48,30.32492995,78.05284328,14,647.000,,4.400,265,25,34,,
T,2019-04-10 03:04:49,30.32492329,78.05279324,14,647.000,,4.450,267,25,34,,
T,2019-04-10 03:04:50,30.32492273,78.05274509,14,647.000,,4.530,269,25,34,,
T,2019-04-10 03:04:51,30.32491777,78.05269577,14,647.000,,4.680,263,25,34,,
T,2019-04-10 03:04:52,30.32492231,78.05263972,14,647.000,,4.670,269,25,34,,
T,2019-04-10 03:04:53,30.32491782,78.05259223,14,647.000,,4.370,268,25,34,,
T,2019-04-10 03:04:54,30.32491504,78.05255611,14,647.000,,4.060,265,25,34,,
T,2019-04-10 03:04:55,30.32491699,78.05251808,14,648.000,,3.820,267,25,34,,
T,2019-04-10 03:04:56,30.32491449,78.05248044,14,647.000,,3.720,267,25,35,,
T,2019-04-10 03:04:57,30.32492044,78.05244490,14,647.000,,3.830,280,25,35,,
T,2019-04-10 03:04:58,30.32491506,78.05241097,14,646.000,,3.620,269,25,35,,
T,2019-04-10 03:04:59,30.32491729,78.05237767,14,646.000,,3.320,267,25,35,,
T,2019-04-10 03:05:00,30.32491438,78.05234147,14,646.000,,3.200,264,25,35,,
T,2019-04-10 03:05:01,30.32490840,78.05231755,14,645.000,,3.020,263,26,35,,
T,2019-04-10 03:05:02,30.32492338,78.05228845,15,645.000,,2.570,270,26,35,,
T,2019-04-10 03:05:03,30.32491585,78.05223322,15,644.000,,3.460,269,26,35,,
T,2019-04-10 03:05:04,30.32490841,78.05219927,15,644.000,,3.050,266,26,35,,
T,2019-04-10 03:05:05,30.32491781,78.05217594,14,644.000,,2.580,271,26,35,,
T,2019-04-10 03:05:06,30.32491685,78.05215162,15,643.000,,2.310,269,25,34,,
T,2019-04-10 03:05:07,30.32491530,78.05212766,15,643.000,,2.050,268,25,34,,
T,2019-04-10 03:05:08,30.32492945,78.05210324,15,644.000,,2.150,271,25,34,,
T,2019-04-10 03:05:09,30.32493224,78.05207859,15,644.000,,2.090,277,25,34,,
T,2019-04-10 03:05:10,30.32491213,78.05204557,15,645.000,,3.050,251,25,34,,
T,2019-04-10 03:05:11,30.32489070,78.05201073,15,645.000,,3.470,243,25,34,,
T,2019-04-10 03:05:12,30.32486823,78.05197812,15,644.000,,3.560,241,25,34,,
T,2019-04-10 03:05:13,30.32485004,78.05194778,15,644.000,,3.440,236,25,34,,
T,2019-04-10 03:05:14,30.32482911,78.05192069,14,644.000,,3.650,231,25,34,,
T,2019-04-10 03:05:15,30.32480826,78.05189517,14,645.000,,3.030,230,25,34,,
T,2019-04-10 03:05:16,30.32478333,78.05187014,14,644.000,,3.500,227,25,34,,
T,2019-04-10 03:05:17,30.32475455,78.05184173,14,645.000,,3.930,226,25,34,,
T,2019-04-10 03:05:18,30.32472512,78.05181009,14,645.000,,4.080,226,25,34,,
T,2019-04-10 03:05:19,30.32469457,78.05177319,15,646.000,,4.320,230,25,34,,
T,2019-04-10 03:05:20,30.32467045,78.05173356,15,646.000,,4.080,239,25,34,,
T,2019-04-10 03:05:21,30.32465848,78.05169288,14,645.000,,3.660,252,25,34,,
T,2019-04-10 03:05:22,30.32465954,78.05165370,14,647.000,,3.500,266,25,34,,
T,2019-04-10 03:05:23,30.32466677,78.05161537,14,648.000,,2.980,284,25,34,,
T,2019-04-10 03:05:24,30.32467702,78.05158170,14,648.000,,2.840,284,25,34,,
T,2019-04-10 03:05:25,30.32468727,78.05154816,14,648.000,,3.140,282,25,34,,
T,2019-04-10 03:05:26,30.32469611,78.05151054,14,648.000,,3.700,280,25,34,,
T,2019-04-10 03:05:27,30.32470259,78.05146810,14,647.000,,4.120,276,25,34,,
T,2019-04-10 03:05:28,30.32470838,78.05142027,14,647.000,,4.670,274,25,34,,
T,2019-04-10 03:05:29,30.32470770,78.05137333,14,646.000,,4.420,266,25,34,,
T,2019-04-10 03:05:30,30.32470048,78.05131941,14,646.000,,5.790,258,25,34,,
T,2019-04-10 03:05:31,30.32467151,78.05125616,14,646.000,,5.850,256,25,34,,
T,2019-04-10 03:05:32,30.32466121,78.05119712,14,646.000,,5.870,259,24,34,,
T,2019-04-10 03:05:33,30.32464795,78.05114319,14,646.000,,5.900,255,24,34,,
T,2019-04-10 03:05:34,30.32463824,78.05108544,14,647.000,,5.560,254,24,34,,
T,2019-04-10 03:05:35,30.32462327,78.05103028,14,647.000,,5.650,252,24,34,,
T,2019-04-10 03:05:36,30.32461041,78.05098148,14,646.000,,4.920,245,24,34,,
T,2019-04-10 03:05:37,30.32461062,78.05093624,14,646.000,,3.740,245,24,34,,
T,2019-04-10 03:05:38,30.32459446,78.05090333,14,646.000,,3.500,244,24,34,,
T,2019-04-10 03:05:39,30.32457296,78.05089354,14,646.000,,2.230,222,24,34,,
T,2019-04-10 03:05:40,30.32456813,78.05088017,14,646.000,,1.580,248,24,34,,
T,2019-04-10 03:05:41,30.32457274,78.05086433,14,645.000,,0.860,244,24,34,,
T,2019-04-10 03:05:42,30.32458284,78.05085478,14,645.000,,0.500,245,24,34,,
T,2019-04-10 03:05:43,30.32459685,78.05086060,14,645.000,,0.180,246,24,34,,
T,2019-04-10 03:05:44,30.32459855,78.05085659,14,646.000,,0.000,,24,33,,
T,2019-04-10 03:05:45,30.32460053,78.05085567,14,646.000,,0.000,,24,33,,
T,2019-04-10 03:05:46,30.32459958,78.05085577,14,646.000,,0.000,,24,33,,
T,2019-04-10 03:05:47,30.32459806,78.05085356,14,646.000,,0.000,,24,33,,
T,2019-04-10 03:05:48,30.32460118,78.05085140,14,647.000,,0.180,246,24,33,,
T,2019-04-10 03:05:49,30.32460010,78.05084945,14,647.000,,0.000,,24,33,,
T,2019-04-10 03:05:50,30.32459973,78.05085058,14,646.000,,0.000,,23,33,,
T,2019-04-10 03:05:51,30.32460802,78.05085115,14,646.000,,0.000,,23,33,,
T,2019-04-10 03:05:52,30.32461167,78.05085180,14,646.000,,0.000,,23,33,,
T,2019-04-10 03:05:53,30.32461254,78.05085137,14,646.000,,0.000,,24,33,,
T,2019-04-10 03:05:54,30.32461630,78.05085050,14,646.000,,0.000,,23,33,,
T,2019-04-10 03:05:55,30.32462545,78.05084961,14,646.000,,0.000,,23,33,,
T,2019-04-10 03:05:56,30.32462410,78.05085002,14,646.000,,0.000,,23,33,,
T,2019-04-10 03:05:57,30.32462535,78.05084902,14,646.000,,0.000,,23,33,,
T,2019-04-10 03:05:58,30.32462828,78.05084840,14,646.000,,0.000,,23,32,,
T,2019-04-10 03:05:59,30.32463189,78.05084851,14,646.000,,0.000,,23,32,,
T,2019-04-10 03:06:00,30.32463187,78.05084839,14,646.000,,0.000,,23,32,,
T,2019-04-10 03:06:01,30.32463156,78.05084835,14,646.000,,0.000,,24,32,,
T,2019-04-10 03:06:02,30.32463221,78.05084854,14,646.000,,0.000,,24,32,,
T,2019-04-10 03:06:03,30.32463439,78.05084896,14,646.000,,0.000,,23,32,,
T,2019-04-10 03:06:04,30.32463397,78.05084902,14,646.000,,0.000,,23,32,,
T,2019-04-10 03:06:05,30.32463430,78.05084919,14,646.000,,0.000,,23,32,,
T,2019-04-10 03:06:06,30.32463462,78.05084913,14,646.000,,0.000,,23,32,,
T,2019-04-10 03:06:07,30.32463614,78.05084376,14,647.000,,0.590,290,23,32,,
T,2019-04-10 03:06:08,30.32463689,78.05082370,14,648.000,,1.400,273,23,32,,
T,2019-04-10 03:06:09,30.32461723,78.05080033,14,647.000,,1.930,264,23,32,,
T,2019-04-10 03:06:10,30.32461577,78.05078177,14,646.000,,1.950,263,23,32,,
T,2019-04-10 03:06:11,30.32460652,78.05075778,14,645.000,,2.540,257,24,32,,
T,2019-04-10 03:06:12,30.32460179,78.05072975,14,645.000,,2.970,263,24,32,,
T,2019-04-10 03:06:13,30.32459734,78.05069355,14,645.000,,3.800,263,24,32,,
T,2019-04-10 03:06:14,30.32459260,78.05065249,14,646.000,,3.790,266,24,32,,
T,2019-04-10 03:06:15,30.32458891,78.05061027,14,646.000,,3.960,267,24,32,,
T,2019-04-10 03:06:16,30.32458492,78.05056402,14,647.000,,4.350,268,24,32,,
T,2019-04-10 03:06:17,30.32457804,78.05051126,14,647.000,,4.990,265,24,32,,
T,2019-04-10 03:06:18,30.32455112,78.05043618,14,647.000,,5.190,268,24,32,,
T,2019-04-10 03:06:19,30.32454694,78.05037523,14,647.000,,5.830,262,24,32,,
T,2019-04-10 03:06:20,30.32450983,78.05030438,14,647.000,,6.350,253,24,32,,
T,2019-04-10 03:06:21,30.32448426,78.05024983,14,646.000,,6.690,245,25,33,,
T,2019-04-10 03:06:22,30.32445530,78.05020593,14,646.000,,6.590,236,24,33,,
T,2019-04-10 03:06:23,30.32441683,78.05014851,14,646.000,,6.870,232,24,33,,
T,2019-04-10 03:06:24,30.32438215,78.05011679,14,646.000,,5.500,218,23,33,,
T,2019-04-10 03:06:25,30.32434097,78.05008448,14,647.000,,5.100,215,24,33,,
T,2019-04-10 03:06:26,30.32430706,78.05007080,14,648.000,,3.990,213,24,33,,
T,2019-04-10 03:06:27,30.32427280,78.05005451,14,648.000,,3.540,205,24,33,,
T,2019-04-10 03:06:28,30.32424590,78.05002711,14,648.000,,3.830,211,24,33,,
T,2019-04-10 03:06:29,30.32419967,78.05001249,14,646.000,,4.630,206,24,33,,
T,2019-04-10 03:06:30,30.32415797,78.04999653,14,646.000,,4.720,205,25,33,,
T,2019-04-10 03:06:31,30.32411389,78.04997173,14,646.000,,4.990,207,25,33,,
T,2019-04-10 03:06:32,30.32407190,78.04994945,15,646.000,,5.110,207,25,33,,
T,2019-04-10 03:06:33,30.32402397,78.04989380,15,645.000,,6.410,218,25,33,,
T,2019-04-10 03:06:34,30.32400926,78.04982990,15,645.000,,6.020,226,25,33,,
T,2019-04-10 03:06:35,30.32390698,78.04979671,15,644.000,,7.580,213,25,33,,
T,2019-04-10 03:06:36,30.32380368,78.04973789,14,645.000,,8.090,211,25,33,,
T,2019-04-10 03:06:37,30.32372623,78.04969642,14,646.000,,8.030,210,25,33,,
T,2019-04-10 03:06:38,30.32366118,78.04964696,14,647.000,,8.290,211,25,33,,
T,2019-04-10 03:06:39,30.32361386,78.04962788,14,645.000,,7.860,209,25,33,,
T,2019-04-10 03:06:40,30.32354636,78.04960064,14,643.000,,8.050,209,25,33,,
T,2019-04-10 03:06:41,30.32347588,78.04956234,14,643.000,,8.710,208,25,33,,
T,2019-04-10 03:06:42,30.32339385,78.04951328,14,642.000,,8.920,210,25,33,,
T,2019-04-10 03:06:43,30.32330424,78.04945903,14,640.000,,9.570,213,25,33,,
T,2019-04-10 03:06:44,30.32323690,78.04940135,14,640.000,,9.640,214,25,33,,
T,2019-04-10 03:06:45,30.32315868,78.04934233,14,640.000,,9.970,213,25,33,,
T,2019-04-10 03:06:46,30.32307593,78.04927602,14,640.000,,9.910,215,25,33,,
T,2019-04-10 03:06:47,30.32300845,78.04921698,14,638.000,,9.530,218,25,33,,
T,2019-04-10 03:06:48,30.32295229,78.04916023,14,638.000,,9.050,218,25,33,,
T,2019-04-10 03:06:49,30.32289986,78.04909972,14,639.000,,8.850,220,25,33,,
T,2019-04-10 03:06:50,30.32284797,78.04904705,14,639.000,,7.580,222,25,33,,
T,2019-04-10 03:06:51,30.32278722,78.04899137,14,639.000,,7.860,223,25,33,,
T,2019-04-10 03:06:52,30.32273735,78.04891807,14,639.000,,8.520,233,25,33,,
T,2019-04-10 03:06:53,30.32270294,78.04885556,14,639.000,,7.690,239,25,32,,
T,2019-04-10 03:06:54,30.32267713,78.04877606,14,639.000,,7.640,245,25,32,,
T,2019-04-10 03:06:55,30.32269134,78.04868002,14,640.000,,8.010,268,25,32,,
T,2019-04-10 03:06:56,30.32269650,78.04859656,14,641.000,,8.360,276,25,32,,
T,2019-04-10 03:06:57,30.32271818,78.04850780,14,642.000,,8.730,282,25,32,,
T,2019-04-10 03:06:58,30.32275417,78.04841316,14,642.000,,8.930,288,25,32,,
T,2019-04-10 03:06:59,30.32280975,78.04832779,14,641.000,,9.090,295,25,32,,
T,2019-04-10 03:07:00,30.32283577,78.04823331,14,642.000,,8.940,294,25,32,,
T,2019-04-10 03:07:01,30.32287825,78.04812854,14,642.000,,9.510,292,25,32,,
T,2019-04-10 03:07:02,30.32289014,78.04805064,14,641.000,,8.540,289,25,32,,
T,2019-04-10 03:07:03,30.32293419,78.04795330,14,640.000,,8.720,291,25,32,,
T,2019-04-10 03:07:04,30.32295793,78.04786342,14,640.000,,8.800,293,25,32,,
T,2019-04-10 03:07:05,30.32298754,78.04777105,14,639.000,,8.940,293,25,32,,
T,2019-04-10 03:07:06,30.32300581,78.04768768,14,639.000,,8.270,291,25,32,,
T,2019-04-10 03:07:07,30.32303797,78.04761467,14,640.000,,7.660,295,25,32,,
T,2019-04-10 03:07:08,30.32307552,78.04752912,14,640.000,,8.710,290,25,32,,
T,2019-04-10 03:07:09,30.32311979,78.04743896,14,638.000,,9.080,296,25,32,,
T,2019-04-10 03:07:10,30.32315910,78.04734889,14,637.000,,8.960,295,25,32,,
T,2019-04-10 03:07:11,30.32317772,78.04725488,15,639.000,,9.220,289,25,32,,
T,2019-04-10 03:07:12,30.32321566,78.04716398,15,639.000,,8.890,293,25,32,,
T,2019-04-10 03:07:13,30.32324959,78.04706360,14,637.000,,8.670,294,25,32,,
T,2019-04-10 03:07:14,30.32328351,78.04696654,14,637.000,,8.700,291,25,32,,
T,2019-04-10 03:07:15,30.32331605,78.04690492,14,636.000,,8.020,298,25,32,,
T,2019-04-10 03:07:16,30.32334008,78.04683271,14,635.000,,7.290,294,25,32,,
T,2019-04-10 03:07:17,30.32336351,78.04674704,14,635.000,,8.140,293,25,32,,
T,2019-04-10 03:07:18,30.32339224,78.04667347,14,635.000,,7.190,294,25,32,,
T,2019-04-10 03:07:19,30.32342201,78.04660219,14,635.000,,7.280,294,25,32,,
