type,time,latitude,longitude,accuracy (m),altitude (m),speed (m/s),bearing (deg),sat_used,sat_inview,desc
W,12/22/2018 10:13,30.3988247,78.07545481,5,853,0,,24,31,Chanakya lawn
T,12/22/2018 10:06,30.39863786,78.07441129,9,839,1.17,227,22,28,GPS Logger: 20181222-153617
T,12/22/2018 10:06,30.39870904,78.07445943,8,833,0,,23,28,
T,12/22/2018 10:06,30.39871902,78.07448424,8,833,0,,23,28,
T,12/22/2018 10:06,30.39872904,78.074499,9,832,0,,23,28,
T,12/22/2018 10:06,30.39873371,78.07450166,8,829,0,,3,28,
T,12/22/2018 10:06,30.39873359,78.07450171,8,829,0,,3,28,
T,12/22/2018 10:06,30.39873362,78.07450176,6,829,0,,10,28,
T,12/22/2018 10:06,30.39873369,78.07450178,6,829,0,,11,28,
T,12/22/2018 10:06,30.39873373,78.07450183,6,829,0,,14,28,
T,12/22/2018 10:06,30.39873377,78.07450186,8,829,0,,14,28,
T,12/22/2018 10:06,30.39873382,78.07450185,9,829,0,,15,28,
T,12/22/2018 10:06,30.39873387,78.07450184,9,829,0,,15,28,
T,12/22/2018 10:06,30.39873384,78.07450181,9,829,0,,15,28,
T,12/22/2018 10:06,30.39873386,78.07450176,9,829,0,,15,28,
T,12/22/2018 10:06,30.39873392,78.0745018,9,829,0,,15,28,
T,12/22/2018 10:06,30.39873403,78.07450177,8,829,0,,16,28,
T,12/22/2018 10:06,30.39873418,78.07450184,9,829,0,,16,28,
T,12/22/2018 10:06,30.39873435,78.07450181,9,829,0,,19,28,
T,12/22/2018 10:06,30.39873463,78.07450176,8,829,0,,22,28,
T,12/22/2018 10:06,30.39869582,78.07448552,6,830,0.56,356,22,28,
T,12/22/2018 10:06,30.39869858,78.07448734,6,830,1.25,360,23,28,
T,12/22/2018 10:06,30.39869573,78.07448237,5,832,1,337,23,28,
T,12/22/2018 10:06,30.39869331,78.0744773,5,835,0.65,328,23,28,
T,12/22/2018 10:06,30.39869161,78.07446974,5,835,0.89,317,24,28,
T,12/22/2018 10:07,30.39868763,78.07446199,5,837,0.94,329,25,28,
T,12/22/2018 10:07,30.39868065,78.07445488,5,837,1.31,220,25,28,
T,12/22/2018 10:07,30.39866779,78.07445105,5,837,0.93,220,24,29,
T,12/22/2018 10:07,30.39865605,78.07445318,5,838,0.87,219,24,30,
T,12/22/2018 10:07,30.39864343,78.07445685,5,838,1.29,185,24,31,
T,12/22/2018 10:07,30.3986306,78.07445832,5,838,1.26,186,24,31,
T,12/22/2018 10:07,30.39862058,78.07445925,5,839,0.74,186,23,31,
T,12/22/2018 10:07,30.39861211,78.07445795,5,840,1.03,198,23,31,
T,12/22/2018 10:07,30.39860171,78.07445654,5,840,1.19,198,24,31,
T,12/22/2018 10:07,30.39859126,78.07445722,5,842,1.16,198,24,31,
T,12/22/2018 10:07,30.3985827,78.07446207,5,843,1.14,192,24,32,
T,12/22/2018 10:07,30.39857709,78.0744691,5,844,1.12,154,24,32,
T,12/22/2018 10:07,30.398572,78.07447829,5,845,1.1,188,23,32,
T,12/22/2018 10:07,30.39856546,78.07448615,5,845,1.1,177,24,32,
T,12/22/2018 10:07,30.39856337,78.07448647,5,846,1.09,204,23,32,
T,12/22/2018 10:07,30.39855921,78.07448551,5,847,1.09,195,23,32,
T,12/22/2018 10:07,30.39855296,78.07448669,5,848,1.07,173,23,32,
T,12/22/2018 10:07,30.39854542,78.07448477,5,848,1.1,176,23,32,
T,12/22/2018 10:07,30.39853495,78.07448136,5,849,1.1,199,22,32,
T,12/22/2018 10:07,30.39852674,78.07447875,5,849,1.09,179,22,31,
T,12/22/2018 10:07,30.39852532,78.07448034,5,849,1.12,177,22,31,
T,12/22/2018 10:07,30.39852182,78.07448852,5,850,1.12,180,22,31,
T,12/22/2018 10:07,30.39851529,78.0744893,5,849,1.11,188,22,31,
T,12/22/2018 10:07,30.3985078,78.07448914,5,850,1.1,180,22,31,
T,12/22/2018 10:07,30.39850101,78.07449045,5,849,1.09,181,22,31,
T,12/22/2018 10:07,30.39849486,78.07449046,5,849,1.08,184,22,31,
T,12/22/2018 10:07,30.39848647,78.07448901,5,848,1.07,202,22,31,
T,12/22/2018 10:07,30.3984793,78.07448617,5,847,1.06,196,22,31,
T,12/22/2018 10:07,30.39847119,78.07448516,5,847,1.08,187,22,31,
T,12/22/2018 10:07,30.39846651,78.07448256,5,846,1.07,200,22,31,
T,12/22/2018 10:07,30.39845865,78.07447846,5,846,1.07,205,22,31,
T,12/22/2018 10:07,30.39845292,78.07447821,5,846,1.05,169,22,31,
T,12/22/2018 10:07,30.3984446,78.07448202,5,846,1.05,168,21,30,
T,12/22/2018 10:07,30.39843572,78.07448519,5,845,1.04,170,21,30,
T,12/22/2018 10:07,30.39842723,78.07448614,5,845,1.04,180,21,30,
T,12/22/2018 10:07,30.3984188,78.07448592,5,845,1.04,179,21,30,
T,12/22/2018 10:07,30.39841108,78.07448429,5,845,1.03,194,21,30,
T,12/22/2018 10:07,30.39840338,78.07448021,5,845,1.03,202,21,30,
T,12/22/2018 10:07,30.39839503,78.07447739,5,845,1.02,187,21,30,
T,12/22/2018 10:07,30.39838496,78.07447601,5,845,1.02,192,21,30,
T,12/22/2018 10:07,30.39837619,78.07447428,5,845,1.02,191,21,30,
T,12/22/2018 10:07,30.39836738,78.07447211,5,845,1.01,190,21,30,
T,12/22/2018 10:07,30.39835846,78.07447047,5,845,1.01,187,21,30,
T,12/22/2018 10:07,30.39835159,78.07447035,5,845,1,184,21,30,
T,12/22/2018 10:07,30.39834595,78.07447414,5,845,1,157,21,30,
T,12/22/2018 10:07,30.398339,78.07447591,5,845,0.99,173,21,30,
T,12/22/2018 10:07,30.39833121,78.07447543,5,845,1,186,21,30,
T,12/22/2018 10:07,30.39832232,78.07447385,5,845,1,185,21,31,
T,12/22/2018 10:07,30.39831268,78.07447079,5,845,1,194,21,31,
T,12/22/2018 10:07,30.3983044,78.07446732,5,846,0.99,192,21,31,
T,12/22/2018 10:07,30.39829557,78.07446688,5,845,0.99,178,20,31,
T,12/22/2018 10:07,30.39828557,78.07446755,5,845,0.99,177,20,31,
T,12/22/2018 10:07,30.39827684,78.07446626,5,846,0.99,190,20,31,
T,12/22/2018 10:07,30.39826993,78.07446686,5,846,0.98,176,20,31,
T,12/22/2018 10:07,30.39826286,78.07446704,5,845,0.98,182,20,31,
T,12/22/2018 10:07,30.39825466,78.07446516,5,845,0.98,190,20,31,
T,12/22/2018 10:07,30.39824594,78.07446255,5,845,0.98,193,20,31,
T,12/22/2018 10:07,30.39823743,78.07445832,5,845,0.99,203,21,31,
T,12/22/2018 10:07,30.39822967,78.07445171,5,845,0.98,223,21,31,
T,12/22/2018 10:07,30.39822339,78.07444204,5,845,0.99,241,20,31,
T,12/22/2018 10:08,30.39821618,78.07443249,5,845,0.99,235,21,31,
T,12/22/2018 10:08,30.39820743,78.07441974,5,845,1,236,21,31,
T,12/22/2018 10:08,30.39820067,78.07440658,5,845,1,243,22,32,
T,12/22/2018 10:08,30.39818901,78.0743949,5,845,1,213,21,32,
T,12/22/2018 10:08,30.39817873,78.07438378,5,845,1.01,207,22,32,
T,12/22/2018 10:08,30.3981691,78.0743746,5,844,1.01,215,22,32,
T,12/22/2018 10:08,30.39816044,78.07436281,5,844,1.01,212,23,32,
T,12/22/2018 10:08,30.39815323,78.07435227,5,845,1.01,216,23,32,
T,12/22/2018 10:08,30.39814818,78.07434144,5,845,1.01,220,23,33,
T,12/22/2018 10:08,30.39814388,78.07433268,5,846,1.01,213,23,33,
T,12/22/2018 10:08,30.39814455,78.07432627,5,846,1.02,258,23,33,
T,12/22/2018 10:08,30.39815458,78.07432169,8,848,0.83,328,23,33,
T,12/22/2018 10:08,30.39816317,78.07432358,6,848,0,,23,33,
T,12/22/2018 10:08,30.39816532,78.07433284,6,848,0,,23,34,
T,12/22/2018 10:08,30.39816901,78.07433492,6,848,0,,23,34,
T,12/22/2018 10:08,30.3981723,78.07433748,6,848,0,,23,34,
T,12/22/2018 10:08,30.39817359,78.07433924,6,849,0,,23,34,
T,12/22/2018 10:08,30.39817424,78.07434013,6,849,0,,23,34,
T,12/22/2018 10:08,30.39817458,78.0743406,6,849,0,,23,34,
T,12/22/2018 10:08,30.39817476,78.07434087,6,849,0,,23,34,
T,12/22/2018 10:08,30.39817462,78.0743413,6,849,0,,23,34,
T,12/22/2018 10:08,30.39817436,78.07434179,8,849,0,,23,34,
T,12/22/2018 10:08,30.39817399,78.07434235,8,849,0,,23,34,
T,12/22/2018 10:08,30.39817353,78.07434295,8,849,0,,23,34,
T,12/22/2018 10:08,30.39817311,78.0743435,8,849,0,,23,34,
T,12/22/2018 10:08,30.39817265,78.074344,8,849,0,,23,34,
T,12/22/2018 10:08,30.39817217,78.07434454,9,849,0,,23,34,
T,12/22/2018 10:08,30.3981718,78.07434498,9,849,0,,23,34,
T,12/22/2018 10:08,30.39817144,78.07434539,9,849,0,,23,34,
T,12/22/2018 10:08,30.39817105,78.07434584,11,849,0,,23,34,
T,12/22/2018 10:08,30.39817071,78.07434629,9,849,0,,23,34,
T,12/22/2018 10:08,30.39817027,78.07434677,8,849,0,,23,34,
T,12/22/2018 10:08,30.39816983,78.07434724,8,849,0,,23,34,
T,12/22/2018 10:08,30.39816944,78.07434767,8,850,0,,23,34,
T,12/22/2018 10:08,30.398169,78.07434816,8,850,0,,22,34,
T,12/22/2018 10:08,30.3981686,78.07434862,8,850,0,,22,34,
T,12/22/2018 10:08,30.39816821,78.0743491,8,850,0,,22,34,
T,12/22/2018 10:08,30.39816783,78.07434951,8,850,0,,22,34,
T,12/22/2018 10:08,30.39816736,78.07435004,8,850,0,,22,34,
T,12/22/2018 10:08,30.39816688,78.07435065,8,850,0,,22,34,
T,12/22/2018 10:08,30.39816651,78.07435112,6,850,0,,22,34,
T,12/22/2018 10:08,30.39816621,78.07435162,6,850,0,,22,34,
T,12/22/2018 10:08,30.39816602,78.074352,6,850,0,,22,34,
T,12/22/2018 10:08,30.39816582,78.07435235,6,850,0,,22,34,
T,12/22/2018 10:08,30.39816562,78.0743527,6,850,0,,22,34,
T,12/22/2018 10:08,30.39816539,78.07435305,8,850,0,,22,34,
T,12/22/2018 10:08,30.39816518,78.07435334,8,850,0,,22,34,
T,12/22/2018 10:08,30.39816498,78.07435362,6,850,0,,22,34,
T,12/22/2018 10:08,30.39816487,78.07435387,6,850,0,,22,34,
T,12/22/2018 10:08,30.39816478,78.07435408,5,850,0,,23,34,
T,12/22/2018 10:08,30.39816463,78.07435433,5,850,0,,22,34,
T,12/22/2018 10:08,30.3981645,78.07435457,5,850,0,,22,34,
T,12/22/2018 10:08,30.3981644,78.07435478,5,850,0,,22,34,
T,12/22/2018 10:08,30.39816433,78.07435496,5,850,0,,22,34,
T,12/22/2018 10:08,30.39816432,78.07435509,5,850,0,,22,34,
T,12/22/2018 10:08,30.39816435,78.07435516,5,850,0,,22,34,
T,12/22/2018 10:08,30.39816435,78.07435522,5,850,0,,22,34,
T,12/22/2018 10:08,30.39816437,78.07435525,5,850,0,,22,34,
T,12/22/2018 10:08,30.39816444,78.07435523,5,850,0,,22,34,
T,12/22/2018 10:08,30.39816448,78.07435521,5,850,0,,22,34,
T,12/22/2018 10:09,30.39816453,78.0743552,5,851,0,,22,34,
T,12/22/2018 10:09,30.39816467,78.07435509,5,850,0,,22,34,
T,12/22/2018 10:09,30.3981648,78.07435496,5,850,0,,22,34,
T,12/22/2018 10:09,30.39816496,78.07435485,5,850,0,,22,34,
T,12/22/2018 10:09,30.39816504,78.07435481,5,850,0,,22,34,
T,12/22/2018 10:09,30.39816507,78.0743548,5,850,0,,22,34,
T,12/22/2018 10:09,30.39816518,78.07435466,6,850,0,,22,34,
T,12/22/2018 10:09,30.39816534,78.07435446,6,850,0,,22,34,
T,12/22/2018 10:09,30.39816558,78.07435422,6,850,0,,22,33,
T,12/22/2018 10:09,30.39816576,78.074354,6,850,0,,22,33,
T,12/22/2018 10:09,30.39816588,78.07435386,6,850,0,,22,33,
T,12/22/2018 10:09,30.39816599,78.0743538,6,850,0,,22,33,
T,12/22/2018 10:09,30.39816605,78.07435377,6,850,0,,22,33,
T,12/22/2018 10:09,30.39816608,78.07435378,6,850,0,,22,33,
T,12/22/2018 10:09,30.39816615,78.07435379,6,850,0,,22,33,
T,12/22/2018 10:09,30.39816619,78.07435379,8,850,0,,22,33,
T,12/22/2018 10:09,30.39816622,78.07435377,6,850,0,,22,33,
T,12/22/2018 10:09,30.39816623,78.07435371,6,850,0,,22,33,
T,12/22/2018 10:09,30.39816628,78.07435365,6,850,0,,22,33,
T,12/22/2018 10:09,30.39816644,78.07435346,6,850,0,,22,33,
T,12/22/2018 10:09,30.39816651,78.07435333,6,850,0,,22,33,
T,12/22/2018 10:09,30.39816656,78.07435324,6,850,0,,22,33,
T,12/22/2018 10:09,30.3981666,78.07435317,6,850,0,,22,33,
T,12/22/2018 10:09,30.39816668,78.07435316,6,850,0,,22,33,
T,12/22/2018 10:09,30.3981667,78.07435318,6,850,0,,22,33,
T,12/22/2018 10:09,30.39816664,78.0743533,8,850,0,,22,32,
T,12/22/2018 10:09,30.39816653,78.07435346,8,850,0,,22,32,
T,12/22/2018 10:09,30.39816644,78.07435359,8,851,0,,22,32,
T,12/22/2018 10:09,30.39816633,78.07435379,8,851,0,,22,32,
T,12/22/2018 10:09,30.39816616,78.07435402,9,851,0,,22,32,
T,12/22/2018 10:09,30.39816599,78.07435427,9,851,0,,22,32,
T,12/22/2018 10:09,30.39816459,78.07435554,9,851,0,,22,32,
T,12/22/2018 10:09,30.39816317,78.0743569,9,851,0,,22,32,
T,12/22/2018 10:09,30.3981605,78.07435751,9,851,0,,22,32,
T,12/22/2018 10:09,30.39815788,78.07435816,8,851,0,,22,32,
T,12/22/2018 10:09,30.39815746,78.07435822,9,851,0,,22,32,
T,12/22/2018 10:09,30.39815706,78.07435838,9,851,0,,22,32,
T,12/22/2018 10:09,30.39815689,78.0743585,9,851,0,,22,33,
T,12/22/2018 10:09,30.39815664,78.07435882,9,851,0,,22,33,
T,12/22/2018 10:09,30.39815478,78.0743608,9,851,0,,22,33,
T,12/22/2018 10:09,30.39815282,78.07436291,9,851,0,,22,33,
T,12/22/2018 10:09,30.39815181,78.07436406,8,851,0,,22,33,
T,12/22/2018 10:09,30.39815114,78.07436487,8,851,0,,22,33,
T,12/22/2018 10:09,30.39815068,78.07436544,8,851,0,,23,33,
T,12/22/2018 10:09,30.39815034,78.0743659,8,851,0,,23,33,
T,12/22/2018 10:09,30.39815005,78.07436631,8,851,0,,23,33,
T,12/22/2018 10:09,30.39814979,78.07436671,8,851,0,,23,33,
T,12/22/2018 10:09,30.39814952,78.07436711,8,841,0,,23,33,
T,12/22/2018 10:09,30.39814924,78.0743675,8,843,0,,23,33,
T,12/22/2018 10:09,30.39814914,78.07436768,8,845,0,,23,33,
T,12/22/2018 10:09,30.39814899,78.07436793,8,846,0,,23,33,
T,12/22/2018 10:09,30.39814883,78.07436819,6,848,0,,23,33,
T,12/22/2018 10:09,30.39814867,78.0743685,6,849,0,,23,33,
T,12/22/2018 10:09,30.3981485,78.07436884,6,849,0,,23,33,
T,12/22/2018 10:09,30.39814831,78.07436915,6,850,0,,23,33,
T,12/22/2018 10:09,30.39814815,78.07436944,6,850,0,,23,33,
T,12/22/2018 10:09,30.39814797,78.07436973,6,850,0,,23,33,
T,12/22/2018 10:09,30.39814788,78.07436988,6,850,0,,23,33,
T,12/22/2018 10:09,30.39814777,78.07437004,6,851,0,,23,33,
T,12/22/2018 10:09,30.39814765,78.07437018,6,852,0,,23,33,
T,12/22/2018 10:10,30.39814756,78.07437031,6,852,0,,23,33,
T,12/22/2018 10:10,30.39814746,78.07437047,5,852,0,,23,33,
T,12/22/2018 10:10,30.39814735,78.07437065,5,852,0,,23,33,
T,12/22/2018 10:10,30.39814725,78.07437079,5,852,0,,23,33,
T,12/22/2018 10:10,30.39814718,78.07437089,5,852,0,,23,33,
T,12/22/2018 10:10,30.39814711,78.07437098,5,852,0,,23,33,
T,12/22/2018 10:10,30.39814708,78.07437103,5,852,0,,23,33,
T,12/22/2018 10:10,30.39814708,78.07437105,5,852,0,,23,33,
T,12/22/2018 10:10,30.39814706,78.07437105,5,853,0,,23,33,
T,12/22/2018 10:10,30.39814706,78.07437103,5,852,0,,23,33,
T,12/22/2018 10:10,30.3981471,78.074371,5,852,0,,23,33,
T,12/22/2018 10:10,30.39814714,78.07437095,5,852,0,,23,33,
T,12/22/2018 10:10,30.39814724,78.07437088,5,852,0,,23,33,
T,12/22/2018 10:10,30.39814734,78.0743708,5,852,0,,23,33,
T,12/22/2018 10:10,30.39814747,78.07437071,5,852,0,,23,33,
T,12/22/2018 10:10,30.39814762,78.0743706,5,852,0,,22,33,
T,12/22/2018 10:10,30.39814773,78.07437052,5,852,0,,22,33,
T,12/22/2018 10:10,30.39814783,78.07437047,5,852,0,,22,33,
T,12/22/2018 10:10,30.39814796,78.07437031,5,852,0,,22,33,
T,12/22/2018 10:10,30.39814804,78.07437022,5,852,0,,22,33,
T,12/22/2018 10:10,30.3981481,78.07437015,5,852,0,,22,33,
T,12/22/2018 10:10,30.39814816,78.07437002,5,852,0,,22,33,
T,12/22/2018 10:10,30.39814822,78.07436989,5,852,0,,22,33,
T,12/22/2018 10:10,30.39814826,78.07436983,5,852,0,,22,33,
T,12/22/2018 10:10,30.39814833,78.07436979,5,852,0,,22,33,
T,12/22/2018 10:10,30.39814835,78.07436975,5,852,0,,22,33,
T,12/22/2018 10:10,30.39814837,78.07436975,5,852,0,,22,33,
T,12/22/2018 10:10,30.39814838,78.0743698,5,852,0,,22,33,
T,12/22/2018 10:10,30.39814832,78.07436991,5,852,0,,22,33,
T,12/22/2018 10:10,30.39814829,78.07436997,5,852,0,,22,33,
T,12/22/2018 10:10,30.39814828,78.07437,5,852,0,,22,33,
T,12/22/2018 10:10,30.39814819,78.07437014,5,852,0,,22,32,
T,12/22/2018 10:10,30.39814806,78.07437032,6,852,0,,22,32,
T,12/22/2018 10:10,30.39814791,78.07437053,6,852,0,,22,32,
T,12/22/2018 10:10,30.39814775,78.07437077,6,852,0,,22,32,
T,12/22/2018 10:10,30.39814768,78.07437091,6,852,0,,22,32,
T,12/22/2018 10:10,30.39814757,78.07437106,8,852,0,,22,32,
T,12/22/2018 10:10,30.39814756,78.07437108,6,852,0,,22,32,
T,12/22/2018 10:10,30.39814758,78.07437109,6,852,0,,22,32,
T,12/22/2018 10:10,30.39814759,78.07437109,6,852,0,,22,32,
T,12/22/2018 10:10,30.39814762,78.07437106,6,852,0,,22,32,
T,12/22/2018 10:10,30.39814756,78.07437116,6,852,0,,22,32,
T,12/22/2018 10:10,30.39814756,78.07437121,6,852,0,,22,32,
T,12/22/2018 10:10,30.39814755,78.07437131,6,852,0,,22,32,
T,12/22/2018 10:10,30.39814741,78.07437151,6,852,0,,22,32,
T,12/22/2018 10:10,30.3981473,78.07437168,6,852,0,,22,32,
T,12/22/2018 10:10,30.39814717,78.07437185,6,852,0,,21,32,
T,12/22/2018 10:10,30.39814703,78.074372,6,852,0,,21,32,
T,12/22/2018 10:10,30.39814692,78.07437213,6,852,0,,21,32,
T,12/22/2018 10:10,30.39814682,78.07437224,6,852,0,,21,32,
T,12/22/2018 10:10,30.39814675,78.07437226,6,852,0,,21,32,
T,12/22/2018 10:10,30.39814667,78.07437227,6,851,0,,21,32,
T,12/22/2018 10:10,30.39814661,78.07437226,5,852,0,,22,32,
T,12/22/2018 10:10,30.39814653,78.07437231,5,852,0,,22,32,
T,12/22/2018 10:10,30.39814644,78.07437234,5,852,0,,22,32,
T,12/22/2018 10:10,30.39814638,78.07437237,5,852,0,,22,32,
T,12/22/2018 10:10,30.3981463,78.07437244,5,852,0,,22,32,
T,12/22/2018 10:10,30.39814624,78.07437245,5,852,0,,23,32,
T,12/22/2018 10:10,30.3981462,78.07437244,5,852,0,,23,32,
T,12/22/2018 10:10,30.39814617,78.0743724,5,852,0,,24,32,
T,12/22/2018 10:11,30.39814615,78.07437237,5,852,0,,24,32,
T,12/22/2018 10:11,30.39814614,78.07437231,5,852,0,,24,32,
T,12/22/2018 10:11,30.39814614,78.07437227,5,852,0,,24,32,
T,12/22/2018 10:11,30.39814617,78.07437223,5,852,0,,23,32,
T,12/22/2018 10:11,30.39814625,78.07437219,5,852,0,,23,32,
T,12/22/2018 10:11,30.39814633,78.07437212,5,852,0,,23,32,
T,12/22/2018 10:11,30.39814631,78.07437211,5,852,0,,23,32,
T,12/22/2018 10:11,30.39814631,78.07437209,5,852,0,,23,32,
T,12/22/2018 10:11,30.39814632,78.07437207,5,852,0,,23,32,
T,12/22/2018 10:11,30.39814634,78.07437203,5,852,0,,23,32,
T,12/22/2018 10:11,30.39814632,78.07437201,5,852,0,,23,32,
T,12/22/2018 10:11,30.39814634,78.074372,5,852,0,,23,32,
T,12/22/2018 10:11,30.39814634,78.07437196,5,852,0,,23,32,
T,12/22/2018 10:11,30.39814636,78.0743719,5,852,0,,23,32,
T,12/22/2018 10:11,30.39814637,78.07437189,5,852,0,,23,32,
T,12/22/2018 10:11,30.39814642,78.0743719,5,852,0,,23,32,
T,12/22/2018 10:11,30.39814644,78.07437191,5,852,0,,23,32,
T,12/22/2018 10:11,30.39814644,78.07437193,5,852,0,,23,32,
T,12/22/2018 10:11,30.39814643,78.07437193,5,852,0,,23,32,
T,12/22/2018 10:11,30.39814644,78.07437195,5,852,0,,23,32,
T,12/22/2018 10:11,30.39814641,78.07437199,5,852,0,,23,32,
T,12/22/2018 10:11,30.39814635,78.07437205,5,852,0,,23,32,
T,12/22/2018 10:11,30.3981463,78.0743721,5,852,0,,23,32,
T,12/22/2018 10:11,30.39814627,78.07437217,5,852,0,,23,32,
T,12/22/2018 10:11,30.39814626,78.07437221,5,852,0,,23,32,
T,12/22/2018 10:11,30.39814621,78.07437223,5,852,0,,23,32,
T,12/22/2018 10:11,30.3981462,78.07437602,5,852,0.59,89,22,32,
T,12/22/2018 10:11,30.39814558,78.07438052,5,853,0.48,111,20,32,
T,12/22/2018 10:11,30.39814415,78.07438747,5,853,0.97,107,20,32,
T,12/22/2018 10:11,30.39814339,78.07439621,5,852,0.81,76,21,32,
T,12/22/2018 10:11,30.39814345,78.07440843,5,852,1.44,102,22,32,
T,12/22/2018 10:11,30.39814184,78.0744213,5,853,1.01,121,23,32,
T,12/22/2018 10:11,30.39813844,78.07443037,5,853,1.01,132,23,32,
T,12/22/2018 10:11,30.39813283,78.07443745,5,852,1.01,131,23,32,
T,12/22/2018 10:11,30.39812414,78.0744424,5,851,1.02,159,23,33,
T,12/22/2018 10:11,30.39811378,78.07444468,5,852,1.02,171,22,33,
T,12/22/2018 10:11,30.39810397,78.07444679,5,850,1.02,168,22,33,
T,12/22/2018 10:11,30.39809483,78.07445049,5,851,1.02,164,22,33,
T,12/22/2018 10:11,30.39808464,78.07445625,5,851,1.03,155,22,33,
T,12/22/2018 10:11,30.3980763,78.07446804,5,851,1.03,140,23,33,
T,12/22/2018 10:11,30.39806861,78.07448035,5,851,1.03,133,23,33,
T,12/22/2018 10:11,30.39806107,78.07449199,5,851,1.04,131,23,33,
T,12/22/2018 10:11,30.39805659,78.07450373,5,851,1.04,109,23,33,
T,12/22/2018 10:11,30.39805786,78.0745156,5,851,1.03,90,23,33,
T,12/22/2018 10:11,30.39805235,78.07451967,5,851,1.04,198,23,33,
T,12/22/2018 10:11,30.39804039,78.07452724,5,850,1.04,137,23,33,
T,12/22/2018 10:11,30.39803522,78.07454135,5,849,1.04,117,22,33,
T,12/22/2018 10:11,30.39803306,78.07455644,5,849,1.04,111,22,33,
T,12/22/2018 10:11,30.39803405,78.07457222,5,848,1.04,95,20,32,
T,12/22/2018 10:11,30.39802781,78.07458708,5,849,1.04,142,21,32,
T,12/22/2018 10:11,30.39802601,78.07459862,6,849,1.03,75,21,32,
T,12/22/2018 10:11,30.39802747,78.07461157,6,848,1.02,94,23,32,
T,12/22/2018 10:11,30.39803159,78.07462717,6,847,1.03,73,24,32,
T,12/22/2018 10:11,30.39803453,78.07463693,8,848,1.03,77,24,32,
T,12/22/2018 10:11,30.39803955,78.07464753,8,848,1.03,80,24,32,
T,12/22/2018 10:11,30.39804514,78.07465816,8,848,1.02,70,24,32,
T,12/22/2018 10:11,30.3980514,78.07467062,8,848,1.03,74,23,32,
T,12/22/2018 10:11,30.39805504,78.07467871,8,847,1.03,66,23,33,
T,12/22/2018 10:11,30.39805948,78.07468864,8,849,1.03,53,23,33,
T,12/22/2018 10:11,30.39806813,78.07469788,9,846,1.03,68,23,33,
T,12/22/2018 10:12,30.39807135,78.07470649,11,846,1.04,69,22,33,
T,12/22/2018 10:12,30.39806814,78.07472009,9,847,1.04,84,23,33,
T,12/22/2018 10:12,30.39806143,78.07473591,9,848,1.04,94,23,33,
T,12/22/2018 10:12,30.39805536,78.07475075,9,849,1.05,96,23,33,
T,12/22/2018 10:12,30.39805099,78.07476627,9,850,1.05,92,23,33,
T,12/22/2018 10:12,30.39804962,78.07478239,9,850,1.05,74,23,33,
T,12/22/2018 10:12,30.39804908,78.07479693,8,851,1.05,87,23,33,
T,12/22/2018 10:12,30.39805128,78.07481026,8,851,1.05,82,23,33,
T,12/22/2018 10:12,30.39805949,78.07482066,6,852,1.05,66,23,33,
T,12/22/2018 10:12,30.39806435,78.07483532,6,852,1.06,50,23,34,
T,12/22/2018 10:12,30.39807558,78.07484472,6,848,1.06,30,22,34,
T,12/22/2018 10:12,30.39807847,78.07485979,5,849,1.06,42,22,34,
T,12/22/2018 10:12,30.39808092,78.07487437,5,850,1.06,37,22,34,
T,12/22/2018 10:12,30.39808599,78.07488926,5,851,1.06,49,23,34,
T,12/22/2018 10:12,30.3980945,78.07489881,5,852,1.07,39,22,34,
T,12/22/2018 10:12,30.39810119,78.07490959,5,852,1.07,46,22,34,
T,12/22/2018 10:12,30.39810667,78.07492174,5,853,1.07,48,23,34,
T,12/22/2018 10:12,30.39811239,78.07493374,5,853,1.07,46,23,33,
T,12/22/2018 10:12,30.39811921,78.07494072,5,854,1.07,27,23,33,
T,12/22/2018 10:12,30.39812628,78.07495019,5,855,1.08,41,23,33,
T,12/22/2018 10:12,30.39813357,78.07495806,5,855,1.08,35,23,33,
T,12/22/2018 10:12,30.39814172,78.07496629,5,855,1.08,39,23,33,
T,12/22/2018 10:12,30.3981507,78.07497409,5,855,1.08,37,23,32,
T,12/22/2018 10:12,30.39816095,78.07498065,5,855,1.08,32,23,32,
T,12/22/2018 10:12,30.39817225,78.07498482,5,856,1.08,21,23,32,
T,12/22/2018 10:12,30.39818576,78.07498958,5,856,1.09,23,24,32,
T,12/22/2018 10:12,30.39819882,78.07499399,5,856,1.09,20,24,32,
T,12/22/2018 10:12,30.39821306,78.07499934,5,857,1.1,18,23,32,
T,12/22/2018 10:12,30.39822656,78.07500272,5,857,1.1,11,23,32,
T,12/22/2018 10:12,30.39823712,78.07500535,5,856,1.09,18,23,32,
T,12/22/2018 10:12,30.39824687,78.07500614,5,856,1.09,17,23,32,
T,12/22/2018 10:12,30.39825718,78.07500347,5,856,1.09,359,23,32,
T,12/22/2018 10:12,30.39827,78.07500411,5,856,1.1,7,23,32,
T,12/22/2018 10:12,30.39828152,78.07500153,5,856,1.1,360,23,32,
T,12/22/2018 10:12,30.3982963,78.07499954,5,857,1.1,357,23,32,
T,12/22/2018 10:12,30.39831284,78.07499729,5,857,1.11,359,23,32,
T,12/22/2018 10:12,30.39833118,78.07499417,5,857,1.12,355,22,32,
T,12/22/2018 10:12,30.39834783,78.07499062,5,857,1.12,358,21,32,
T,12/22/2018 10:12,30.3983648,78.07498663,5,857,1.12,358,20,32,
T,12/22/2018 10:12,30.39838182,78.07498108,5,857,1.13,356,20,32,
T,12/22/2018 10:12,30.39839739,78.07497728,5,857,1.13,359,20,32,
T,12/22/2018 10:12,30.39841381,78.07497374,5,858,1.13,357,19,32,
T,12/22/2018 10:12,30.39842877,78.07497222,5,857,1.13,2,19,32,
T,12/22/2018 10:12,30.39844379,78.07497531,5,857,1.14,23,19,32,
T,12/22/2018 10:12,30.39845792,78.07498001,5,856,1.14,28,19,32,
T,12/22/2018 10:12,30.39847166,78.07498363,5,856,1.14,24,19,32,
T,12/22/2018 10:12,30.3984846,78.07498473,5,855,1.14,29,20,32,
T,12/22/2018 10:12,30.39849514,78.0749856,5,854,1.14,34,19,32,
T,12/22/2018 10:12,30.39850388,78.07498798,5,853,1.14,47,18,32,
T,12/22/2018 10:12,30.3985097,78.07499117,5,853,1.14,53,19,32,
T,12/22/2018 10:12,30.39851377,78.07499554,5,852,1.14,57,19,32,
T,12/22/2018 10:12,30.39851745,78.0749997,5,851,1.13,62,19,32,
T,12/22/2018 10:12,30.39852212,78.07500373,5,851,1.13,52,19,32,
T,12/22/2018 10:12,30.39852675,78.07500804,5,850,1.13,56,19,32,
T,12/22/2018 10:12,30.39853222,78.07501434,5,850,1.13,54,20,32,
T,12/22/2018 10:12,30.39854,78.07502041,5,850,1.13,47,21,32,
T,12/22/2018 10:12,30.39854815,78.07502754,5,849,1.13,53,21,32,
T,12/22/2018 10:12,30.39855481,78.07503585,5,849,1.13,55,20,31,
T,12/22/2018 10:12,30.39856162,78.07504492,5,848,1.14,54,20,31,
T,12/22/2018 10:12,30.39856894,78.07505543,5,848,1.14,56,20,31,
T,12/22/2018 10:13,30.39857584,78.07506781,5,848,1.14,74,20,31,
T,12/22/2018 10:13,30.39858355,78.07507914,5,848,1.14,56,20,30,
T,12/22/2018 10:13,30.39859071,78.0750905,5,849,1.15,69,18,29,
T,12/22/2018 10:13,30.39859469,78.07510142,5,849,1.14,74,19,30,
T,12/22/2018 10:13,30.39860012,78.07511107,5,849,1.14,55,20,30,
T,12/22/2018 10:13,30.39860821,78.07512122,5,849,1.15,53,19,30,
T,12/22/2018 10:13,30.3986154,78.07513253,5,849,1.15,59,19,30,
T,12/22/2018 10:13,30.39862101,78.0751439,5,849,1.15,63,19,30,
T,12/22/2018 10:13,30.39862642,78.07515607,5,849,1.15,67,21,30,
T,12/22/2018 10:13,30.39863089,78.07516767,5,849,1.15,70,20,30,
T,12/22/2018 10:13,30.3986353,78.07517884,5,849,1.15,72,21,30,
T,12/22/2018 10:13,30.39863797,78.07518839,5,849,1.14,70,21,30,
T,12/22/2018 10:13,30.39864356,78.07519945,5,850,1.15,59,21,30,
T,12/22/2018 10:13,30.39865059,78.0752095,5,850,1.15,60,21,30,
T,12/22/2018 10:13,30.39865581,78.07521947,5,850,1.15,68,21,30,
T,12/22/2018 10:13,30.39865988,78.07523047,5,850,1.15,70,22,30,
T,12/22/2018 10:13,30.39866473,78.07524103,5,850,1.15,62,21,30,
T,12/22/2018 10:13,30.39866947,78.07525203,5,850,1.15,65,22,30,
T,12/22/2018 10:13,30.39867607,78.07526467,5,850,1.15,62,22,30,
T,12/22/2018 10:13,30.39868238,78.07527634,5,850,1.15,64,22,30,
T,12/22/2018 10:13,30.39868789,78.07528726,5,850,1.15,65,22,30,
T,12/22/2018 10:13,30.39869355,78.07529737,5,851,1.15,62,22,30,
T,12/22/2018 10:13,30.39869994,78.07530761,5,851,1.15,59,22,30,
T,12/22/2018 10:13,30.39870836,78.07531785,5,851,1.16,48,22,30,
T,12/22/2018 10:13,30.39871751,78.07532908,5,851,1.16,52,22,30,
T,12/22/2018 10:13,30.39872633,78.07534019,5,852,1.16,50,21,30,
T,12/22/2018 10:13,30.39873457,78.07535099,5,852,1.16,50,21,30,
T,12/22/2018 10:13,30.39874328,78.07536146,5,852,1.16,49,22,30,
T,12/22/2018 10:13,30.39875114,78.07537103,5,852,1.17,48,22,30,
T,12/22/2018 10:13,30.3987594,78.07538038,5,852,1.17,45,22,30,
T,12/22/2018 10:13,30.39876797,78.07538827,5,852,1.17,41,22,30,
T,12/22/2018 10:13,30.39877573,78.07539542,5,852,1.16,45,21,30,
T,12/22/2018 10:13,30.39878196,78.07540647,5,853,1.17,61,21,30,
T,12/22/2018 10:13,30.3987878,78.07541789,5,853,1.17,57,21,30,
T,12/22/2018 10:13,30.39879319,78.07542771,5,853,1.17,57,21,30,
T,12/22/2018 10:13,30.39880194,78.07543423,5,853,1.17,42,22,30,
T,12/22/2018 10:13,30.39881292,78.07544244,5,853,1.17,40,23,30,
T,12/22/2018 10:13,30.39882343,78.0754514,5,853,1.17,46,23,30,
T,12/22/2018 10:13,30.39883278,78.07545963,5,853,1.17,42,24,30,
T,12/22/2018 10:13,30.39883853,78.07546788,5,853,1.17,60,24,30,
T,12/22/2018 10:13,30.39883249,78.07547139,5,853,1.16,159,23,31,
T,12/22/2018 10:13,30.39882981,78.07546617,5,853,0,,24,31,
T,12/22/2018 10:13,30.39882809,78.07546117,5,853,0.69,242,24,31,
T,12/22/2018 10:13,30.39882705,78.07545771,5,853,0,,24,31,
T,12/22/2018 10:13,30.39882724,78.07545755,5,853,0,,23,30,
T,12/22/2018 10:13,30.39882733,78.07545745,5,853,0,,23,31,
T,12/22/2018 10:13,30.39882559,78.07545565,5,853,0,,23,31,
T,12/22/2018 10:13,30.39882395,78.0754538,5,853,0,,24,31,
T,12/22/2018 10:13,30.39882328,78.07545291,5,853,0,,24,31,
T,12/22/2018 10:13,30.39882373,78.07545345,5,853,0,,24,31,
T,12/22/2018 10:13,30.39882424,78.07545413,5,853,0,,24,31,
T,12/22/2018 10:13,30.39882457,78.07545461,5,853,0,,24,31,
T,12/22/2018 10:13,30.3988247,78.07545481,5,853,0,,24,31,
T,12/22/2018 10:13,30.39882475,78.07545489,5,853,0,,24,31,
T,12/22/2018 10:13,30.39882477,78.07545491,5,853,0,,24,31,
T,12/22/2018 10:13,30.39882476,78.07545489,5,853,0,,24,31,
T,12/22/2018 10:13,30.39882473,78.07545487,5,853,0,,24,31,
T,12/22/2018 10:13,30.39882467,78.07545481,5,853,0,,24,31,
T,12/22/2018 10:13,30.39882082,78.07545037,5,853,0,,24,31,
T,12/22/2018 10:13,30.398819,78.07544813,5,853,0,,24,31,
T,12/22/2018 10:14,30.39881742,78.07544609,5,852,0,,24,31,
T,12/22/2018 10:14,30.39881587,78.07544421,5,852,0,,23,31,
T,12/22/2018 10:14,30.39881516,78.07544341,5,852,0,,23,31,
T,12/22/2018 10:14,30.39881483,78.07544303,5,852,0,,23,31,
T,12/22/2018 10:14,30.39881468,78.07544283,5,852,0,,22,31,
T,12/22/2018 10:14,30.39881461,78.07544273,5,852,0,,24,31,
T,12/22/2018 10:14,30.39881459,78.07544268,5,852,0,,25,31,
T,12/22/2018 10:14,30.39881543,78.07544148,5,852,0,,24,31,
T,12/22/2018 10:14,30.39881627,78.07544037,5,852,0,,25,31,
T,12/22/2018 10:14,30.39881666,78.07543996,5,852,0,,25,31,
T,12/22/2018 10:14,30.39881684,78.07543975,5,852,0,,25,31,
T,12/22/2018 10:14,30.39881693,78.07543964,5,852,0,,25,31,
T,12/22/2018 10:14,30.39881694,78.07543957,5,852,0,,24,30,
T,12/22/2018 10:14,30.3988158,78.07543794,5,852,0,,24,31,
T,12/22/2018 10:14,30.39881456,78.07543646,5,852,0,,24,31,
T,12/22/2018 10:14,30.3988139,78.07543591,5,852,0,,23,31,
T,12/22/2018 10:14,30.39881368,78.07543571,5,852,0,,23,31,
T,12/22/2018 10:14,30.39881348,78.07543527,5,852,0,,24,31,
T,12/22/2018 10:14,30.39881205,78.07543305,5,852,0,,24,30,
T,12/22/2018 10:14,30.39881113,78.07543185,5,852,0,,24,30,
T,12/22/2018 10:14,30.39881082,78.07543145,5,852,0,,24,30,
T,12/22/2018 10:14,30.39881053,78.07543108,5,852,0,,24,30,
T,12/22/2018 10:14,30.39881425,78.07543518,5,852,0.63,53,24,29,
T,12/22/2018 10:14,30.39882202,78.07544466,5,851,1.16,47,24,30,
T,12/22/2018 10:14,30.39883441,78.07545511,5,851,1.16,35,24,30,
T,12/22/2018 10:14,30.39884655,78.07546505,5,851,1.16,39,24,30,
T,12/22/2018 10:14,30.39885928,78.07547575,5,851,1.16,40,25,30,
T,12/22/2018 10:14,30.39887019,78.07548584,5,852,1.16,40,25,30,
T,12/22/2018 10:14,30.39888222,78.0754958,5,852,1.17,37,25,31,
T,12/22/2018 10:14,30.39889268,78.07550602,5,852,1.17,45,25,31,
T,12/22/2018 10:14,30.39890355,78.07551721,5,853,1.17,48,25,31,
T,12/22/2018 10:14,30.39891438,78.07552844,5,853,1.17,48,25,31,
T,12/22/2018 10:14,30.39892395,78.07553993,5,853,1.17,56,25,31,
T,12/22/2018 10:14,30.39893279,78.0755532,5,853,1.17,54,25,31,
T,12/22/2018 10:14,30.39894301,78.07556686,5,853,1.18,52,25,31,
T,12/22/2018 10:14,30.39895446,78.0755788,5,853,1.18,46,25,31,
T,12/22/2018 10:14,30.39896499,78.07558938,5,853,1.18,44,25,31,
T,12/22/2018 10:14,30.39897613,78.07559995,5,854,1.18,44,25,31,
T,12/22/2018 10:14,30.39898748,78.07561155,5,854,1.19,45,25,31,
T,12/22/2018 10:14,30.39899902,78.07562219,5,854,1.19,41,25,31,
T,12/22/2018 10:14,30.39901171,78.07563262,5,855,1.19,40,25,31,
T,12/22/2018 10:14,30.39902345,78.07564205,5,855,1.19,42,25,31,
T,12/22/2018 10:14,30.39903431,78.07565348,5,855,1.2,48,24,31,
T,12/22/2018 10:14,30.39904426,78.07566441,5,855,1.2,46,24,31,
T,12/22/2018 10:14,30.3990543,78.07567342,5,855,1.2,39,26,31,
T,12/22/2018 10:14,30.39906363,78.07568082,5,855,1.2,33,26,31,
T,12/22/2018 10:14,30.39907338,78.07568826,5,855,1.2,38,26,31,
T,12/22/2018 10:14,30.39908113,78.07569583,5,855,1.2,42,26,31,
T,12/22/2018 10:14,30.39908978,78.07570273,5,856,1.2,35,26,31,
T,12/22/2018 10:14,30.39909917,78.07570966,5,856,1.2,35,26,31,
T,12/22/2018 10:14,30.39910691,78.0757155,5,856,1.19,36,26,31,
T,12/22/2018 10:14,30.39911701,78.07572383,5,856,1.2,40,26,31,
T,12/22/2018 10:14,30.39912928,78.07573504,5,856,1.2,41,26,32,
T,12/22/2018 10:14,30.39914034,78.07574717,5,856,1.2,47,26,32,
T,12/22/2018 10:14,30.39914972,78.07575833,5,856,1.2,47,26,32,
T,12/22/2018 10:14,30.39915944,78.07576989,5,856,1.21,46,25,32,
T,12/22/2018 10:14,30.39916776,78.07578113,5,856,1.21,50,25,32,
T,12/22/2018 10:14,30.39917465,78.07579082,5,856,1.2,47,25,32,
T,12/22/2018 10:14,30.39918132,78.07579826,5,857,1.2,44,25,32,
T,12/22/2018 10:14,30.39918909,78.07580564,5,857,1.2,41,25,32,
T,12/22/2018 10:15,30.3991963,78.07581271,5,857,1.2,43,25,32,
T,12/22/2018 10:15,30.39920291,78.07581873,5,857,1.2,40,24,32,
T,12/22/2018 10:15,30.39921166,78.07582651,5,857,1.2,43,24,32,
T,12/22/2018 10:15,30.39922038,78.07583689,5,857,1.2,47,25,32,
T,12/22/2018 10:15,30.39922844,78.07584829,5,857,1.2,51,25,32,
T,12/22/2018 10:15,30.399235,78.07586193,5,857,1.21,67,25,32,
T,12/22/2018 10:15,30.39924001,78.07587584,5,857,1.21,64,25,32,
T,12/22/2018 10:15,30.39924568,78.07589037,5,857,1.21,64,25,32,
T,12/22/2018 10:15,30.39925198,78.07590437,5,857,1.21,62,24,32,
T,12/22/2018 10:15,30.39925826,78.07591572,5,857,1.21,54,24,32,
T,12/22/2018 10:15,30.39926545,78.07592679,5,857,1.21,51,24,32,
T,12/22/2018 10:15,30.39927196,78.07593756,5,857,1.21,51,25,32,
T,12/22/2018 10:15,30.39927915,78.07594745,5,857,1.21,49,25,32,
T,12/22/2018 10:15,30.3992854,78.07595753,5,857,1.21,55,25,32,
T,12/22/2018 10:15,30.3992913,78.07596697,5,857,1.21,47,25,32,
T,12/22/2018 10:15,30.39929715,78.07597475,5,857,1.21,42,24,32,
T,12/22/2018 10:15,30.39930484,78.07598277,5,857,1.21,41,24,32,
T,12/22/2018 10:15,30.39931314,78.07599194,5,856,1.21,42,24,32,
T,12/22/2018 10:15,30.3993208,78.07599993,5,857,1.21,42,24,32,
T,12/22/2018 10:15,30.39933023,78.07600697,5,857,1.21,32,24,32,
T,12/22/2018 10:15,30.39933925,78.07601568,5,857,1.21,43,24,32,
T,12/22/2018 10:15,30.3993498,78.07602775,5,857,1.21,46,24,32,
T,12/22/2018 10:15,30.39935774,78.07603897,5,857,1.21,49,24,32,
T,12/22/2018 10:15,30.3993666,78.07605063,5,857,1.21,49,24,32,
T,12/22/2018 10:15,30.39937437,78.07606285,5,857,1.21,58,23,33,
T,12/22/2018 10:15,30.39938162,78.07607506,5,858,1.21,55,23,33,
T,12/22/2018 10:15,30.3993887,78.07608596,5,857,1.21,53,23,33,
T,12/22/2018 10:15,30.39939652,78.076095,5,857,1.21,44,23,33,
T,12/22/2018 10:15,30.39940588,78.07610483,5,857,1.21,44,23,33,
T,12/22/2018 10:15,30.39941534,78.07611445,5,857,1.22,45,23,33,
T,12/22/2018 10:15,30.39942449,78.07612494,5,858,1.22,45,23,33,
T,12/22/2018 10:15,30.39943264,78.0761347,5,858,1.22,47,23,33,
T,12/22/2018 10:15,30.39944175,78.0761458,5,858,1.22,50,23,33,
T,12/22/2018 10:15,30.3994515,78.07615582,5,858,1.22,39,23,33,
T,12/22/2018 10:15,30.3994604,78.07616531,5,858,1.22,46,23,33,
T,12/22/2018 10:15,30.3994694,78.07617563,5,858,1.22,47,23,33,
T,12/22/2018 10:15,30.39947643,78.07618483,5,858,1.22,51,23,33,
T,12/22/2018 10:15,30.39948064,78.07619518,5,858,1.21,70,23,33,
T,12/22/2018 10:15,30.39948549,78.07620739,5,858,1.22,62,22,33,
T,12/22/2018 10:15,30.39949018,78.07621827,5,858,1.21,63,22,33,
T,12/22/2018 10:15,30.39949429,78.07623063,5,858,1.22,73,22,33,
T,12/22/2018 10:15,30.3994975,78.07624096,5,858,1.21,66,21,33,
T,12/22/2018 10:15,30.39949852,78.07625262,5,858,1.21,89,21,33,
T,12/22/2018 10:15,30.39949496,78.07626446,5,858,1.21,115,21,33,
T,12/22/2018 10:15,30.39949185,78.07627614,5,858,1.21,98,21,32,
T,12/22/2018 10:15,30.3994973,78.07628748,5,858,1.21,59,21,32,
T,12/22/2018 10:15,30.3995034,78.07629702,5,858,1.21,69,21,32,
T,12/22/2018 10:15,30.39950826,78.07630729,5,858,1.21,69,22,32,
T,12/22/2018 10:15,30.39951309,78.0763179,5,858,1.21,68,22,32,
T,12/22/2018 10:15,30.39951944,78.07632777,5,858,1.21,58,23,32,
T,12/22/2018 10:15,30.39952676,78.07633686,5,858,1.21,54,23,31,
T,12/22/2018 10:15,30.39953202,78.07634899,5,858,1.21,57,23,32,
T,12/22/2018 10:15,30.39953836,78.07635991,5,858,1.21,47,23,32,
T,12/22/2018 10:15,30.39954269,78.07637018,5,858,1.2,61,23,32,
T,12/22/2018 10:15,30.39954512,78.07637928,5,858,1.2,63,23,32,
T,12/22/2018 10:15,30.39954984,78.07638915,5,858,1.2,56,23,32,
T,12/22/2018 10:15,30.39955514,78.07639979,5,858,1.2,67,24,32,
T,12/22/2018 10:15,30.39955682,78.07641281,5,858,1.2,93,24,32,
T,12/22/2018 10:15,30.3995514,78.07642546,5,858,1.2,136,24,33,
T,12/22/2018 10:15,30.39954342,78.07643309,5,858,1.2,142,24,33,
T,12/22/2018 10:16,30.39953667,78.07644092,5,859,1.21,148,23,33,
T,12/22/2018 10:16,30.3995316,78.0764486,5,859,1.2,140,23,33,
T,12/22/2018 10:16,30.3995272,78.07645637,5,859,1.2,137,23,33,
T,12/22/2018 10:16,30.3995243,78.07646452,5,859,1.2,130,25,33,
T,12/22/2018 10:16,30.39952031,78.0764748,5,859,1.2,126,25,33,
T,12/22/2018 10:16,30.3995166,78.07648563,5,859,1.2,122,25,33,
T,12/22/2018 10:16,30.39951103,78.07649677,5,859,1.2,127,25,33,
T,12/22/2018 10:16,30.39950379,78.07650813,5,859,1.21,133,25,33,
T,12/22/2018 10:16,30.39949506,78.07651798,5,859,1.21,137,25,34,
T,12/22/2018 10:16,30.3994872,78.07652516,5,859,1.2,137,25,34,
T,12/22/2018 10:16,30.3994797,78.07653214,5,859,1.2,137,25,34,
T,12/22/2018 10:16,30.39947358,78.07654032,5,859,1.2,128,25,34,
T,12/22/2018 10:16,30.39946624,78.07654798,5,859,1.2,133,25,34,
T,12/22/2018 10:16,30.39945949,78.07655423,5,859,1.2,134,24,34,
T,12/22/2018 10:16,30.39945168,78.07656464,5,859,1.2,126,24,34,
T,12/22/2018 10:16,30.39944014,78.07657462,5,859,1.2,142,24,34,
T,12/22/2018 10:16,30.39942934,78.07658285,5,860,1.2,137,24,33,
T,12/22/2018 10:16,30.39942121,78.07659452,5,860,1.2,122,23,33,
T,12/22/2018 10:16,30.39941443,78.07660412,5,860,1.2,134,23,33,
T,12/22/2018 10:16,30.39941458,78.07661617,5,860,1.2,85,23,33,
T,12/22/2018 10:16,30.39941952,78.07662727,5,859,1.2,77,23,33,
T,12/22/2018 10:16,30.39942089,78.07663769,5,859,1.2,86,23,33,
T,12/22/2018 10:16,30.39942407,78.07664784,5,859,1.2,61,23,33,
T,12/22/2018 10:16,30.39942997,78.07665509,5,859,1.19,39,22,33,
T,12/22/2018 10:16,30.399437,78.07666159,5,859,1.19,35,22,33,
T,12/22/2018 10:16,30.39944336,78.07666984,6,859,1.2,51,22,33,
T,12/22/2018 10:16,30.39944779,78.07667994,6,860,1.2,56,22,33,
T,12/22/2018 10:16,30.39945834,78.07668562,8,860,1.2,39,22,33,
T,12/22/2018 10:16,30.39947125,78.07668899,8,860,1.2,35,22,33,
T,12/22/2018 10:16,30.39948463,78.07669157,8,860,1.2,35,22,33,
T,12/22/2018 10:16,30.39949489,78.07669716,8,860,1.2,64,22,33,
T,12/22/2018 10:16,30.39950497,78.07670333,8,860,1.2,42,22,33,
T,12/22/2018 10:16,30.39950933,78.07671193,9,860,1.2,102,22,33,
T,12/22/2018 10:16,30.39950729,78.07672281,11,860,1.2,108,22,33,
T,12/22/2018 10:16,30.39950477,78.07673405,12,860,1.2,105,22,33,
T,12/22/2018 10:16,30.39950143,78.07674535,14,860,1.2,113,21,33,
T,12/22/2018 10:16,30.3994961,78.07675605,15,860,1.2,121,20,32,
T,12/22/2018 10:16,30.39948314,78.07676981,14,860,1.2,118,20,33,
T,12/22/2018 10:16,30.3994681,78.07677709,15,861,1.2,169,20,33,
T,12/22/2018 10:16,30.39945581,78.0767603,9,860,1.19,269,20,33,
T,12/22/2018 10:16,30.39945636,78.07674482,8,860,1.19,324,20,33,
T,12/22/2018 10:16,30.39946465,78.07673372,9,860,1.2,324,19,33,
T,12/22/2018 10:16,30.39947389,78.07672239,11,860,1.2,316,19,33,
T,12/22/2018 10:16,30.39948269,78.07671242,12,860,1.2,323,17,32,
T,12/22/2018 10:16,30.3994812,78.07669544,12,860,1.2,274,17,33,
T,12/22/2018 10:16,30.39947937,78.07667851,14,860,1.2,286,15,32,
T,12/22/2018 10:16,30.39948534,78.07667047,14,860,1.2,359,12,30,
T,12/22/2018 10:16,30.39949089,78.07667709,14,860,1.2,75,12,33,
T,12/22/2018 10:16,30.39949084,78.07668998,14,860,1.2,91,11,33,
T,12/22/2018 10:16,30.39948958,78.0767029,14,860,1.2,92,11,33,
T,12/22/2018 10:16,30.39948822,78.07671565,14,860,1.2,94,11,33,
T,12/22/2018 10:16,30.39948689,78.07672835,14,860,1.2,94,11,33,
T,12/22/2018 10:16,30.39948572,78.07674097,14,860,1.2,94,11,33,
T,12/22/2018 10:16,30.39949016,78.07675339,12,861,1.31,46,11,33,
T,12/22/2018 10:16,30.39949647,78.07676595,12,857,1.2,71,11,33,
T,12/22/2018 10:16,30.39949412,78.07677798,12,858,1.2,122,11,33,
T,12/22/2018 10:16,30.39948321,78.07678643,12,859,1.2,161,11,33,
T,12/22/2018 10:16,30.39947323,78.07679066,14,859,1.2,159,11,33,
T,12/22/2018 10:16,30.39946357,78.07679474,14,859,1.2,156,11,33,
T,12/22/2018 10:16,30.39945294,78.07679766,14,859,1.2,157,11,33,
T,12/22/2018 10:17,30.39944141,78.07679979,14,860,1.2,162,11,33,
T,12/22/2018 10:17,30.39942875,78.07679428,14,860,1.2,199,11,33,
T,12/22/2018 10:17,30.3994243,78.07678056,18,860,1.2,279,11,33,
T,12/22/2018 10:17,30.3994319,78.07677027,18,860,1.2,347,10,33,
T,12/22/2018 10:17,30.39944367,78.07676716,18,860,1.2,357,10,32,
T,12/22/2018 10:17,30.3994552,78.07676553,18,860,1.2,356,10,32,
T,12/22/2018 10:17,30.39946648,78.07676338,18,860,1.2,351,10,32,
T,12/22/2018 10:17,30.39947747,78.07676015,18,860,1.2,346,10,32,
T,12/22/2018 10:17,30.39948792,78.07676449,18,860,1.2,27,11,32,
T,12/22/2018 10:17,30.39948776,78.07677973,18,861,1.2,87,11,32,
T,12/22/2018 10:17,30.39947052,78.0767916,18,861,1.2,174,11,32,
T,12/22/2018 10:17,30.39945393,78.07679239,17,861,1.2,198,11,32,
T,12/22/2018 10:17,30.39944002,78.07678854,17,861,1.2,202,11,32,
T,12/22/2018 10:17,30.39943007,78.07677915,17,861,1.2,227,11,32,
T,12/22/2018 10:17,30.39942475,78.0767625,17,861,1.2,255,11,31,
T,12/22/2018 10:17,30.39942101,78.07674816,17,861,1.2,248,11,31,
T,12/22/2018 10:17,30.39941952,78.07673188,17,861,1.2,264,11,31,
T,12/22/2018 10:17,30.39941879,78.07671801,17,861,1.2,276,12,31,
T,12/22/2018 10:17,30.39942532,78.07670787,17,861,1.2,318,12,31,
T,12/22/2018 10:17,30.39943295,78.07669769,17,861,1.2,302,12,31,
T,12/22/2018 10:17,30.39943773,78.07668579,17,861,1.2,290,12,31,
T,12/22/2018 10:17,30.39943948,78.07667307,17,861,1.2,272,12,31,
T,12/22/2018 10:17,30.3994386,78.07666039,18,861,1.2,264,12,30,
T,12/22/2018 10:17,30.39943517,78.07664833,18,861,1.2,250,11,29,
T,12/22/2018 10:17,30.39943021,78.07663694,18,861,1.2,245,12,29,
T,12/22/2018 10:17,30.39942541,78.07662561,18,861,1.2,248,12,29,
T,12/22/2018 10:17,30.39942631,78.07661345,18,861,1.2,254,12,29,
T,12/22/2018 10:17,30.39942976,78.0766008,18,861,1.2,256,12,29,
T,12/22/2018 10:17,30.39943087,78.07658842,18,861,1.2,252,12,29,
T,12/22/2018 10:17,30.39943017,78.07657632,18,861,1.2,252,12,29,
T,12/22/2018 10:17,30.3994286,78.07656427,18,861,1.2,252,12,29,
T,12/22/2018 10:17,30.39942654,78.07655225,18,861,1.2,253,12,29,
T,12/22/2018 10:17,30.39941939,78.07654123,18,861,1.2,249,12,29,
T,12/22/2018 10:17,30.39940683,78.07653162,18,861,1.2,244,10,29,
T,12/22/2018 10:17,30.39939341,78.07652263,18,861,1.2,240,10,29,
T,12/22/2018 10:17,30.39939494,78.07652558,18,861,1.2,64,10,29,
T,12/22/2018 10:17,30.39940206,78.07653821,18,861,1.2,61,9,29,
T,12/22/2018 10:17,30.39940989,78.07654972,18,861,1.2,59,9,29,
T,12/22/2018 10:17,30.39941787,78.07656056,18,861,1.2,58,9,28,
